Date,BRK-B,V,JNJ,UNH,XOM,BA,DIS
2014-01-01,116.19000244140625,51.07682418823242,68.47844696044922,63.923683166503906,62.431087493896484,120.08987426757812,69.10491180419922
2014-01-08,114.95999908447266,51.339691162109375,68.79074096679688,61.84331512451172,61.22658920288086,119.66255950927734,67.3940200805664
2014-01-15,115.1500015258789,53.479522705078125,68.28963470458984,61.124794006347656,60.84361267089844,121.08131408691406,67.16773223876953
2014-01-22,112.01000213623047,50.95000457763672,65.43545532226562,59.913307189941406,59.083160400390625,117.16692352294922,65.97282409667969
2014-01-29,109.12999725341797,49.469642639160156,62.908084869384766,58.91074752807617,55.605491638183594,104.30410766601562,64.31627655029297
2014-02-05,113.61000061035156,51.26589584350586,67.51981353759766,59.002662658691406,56.112037658691406,111.24402618408203,70.41748809814453
2014-02-12,114.7300033569336,52.125980377197266,66.93879699707031,61.68458938598633,58.51874542236328,111.64573669433594,72.037841796875
2014-02-19,113.94000244140625,52.46247863769531,66.16896057128906,62.92947769165039,59.91219711303711,108.96637725830078,72.6081314086914
2014-02-26,118.56999969482422,52.09056854248047,68.27631378173828,65.2771987915039,60.042823791503906,111.93163299560547,73.96597290039062
2014-03-05,124.69000244140625,52.47865676879883,68.3860092163086,64.98478698730469,58.481441497802734,108.01233673095703,73.36851501464844
2014-03-12,123.27999877929688,52.30078125,68.71519470214844,65.1686019897461,58.91685104370117,106.61136627197266,74.21943664550781
2014-03-19,124.47000122070312,50.450477600097656,71.23147583007812,68.00341796875,59.04128646850586,106.59417724609375,72.01069641113281
2014-03-26,124.87999725341797,49.59577178955078,71.64111328125,68.6239013671875,60.7955436706543,110.19547271728516,73.83924865722656
2014-04-02,123.12999725341797,46.7983512878418,71.72887420654297,67.63450622558594,60.621360778808594,106.70590209960938,72.0287857055664
2014-04-09,123.7699966430664,47.13560485839844,72.56278228759766,66.67021179199219,61.386512756347656,106.8090591430664,70.29981994628906
2014-04-16,127.1500015258789,48.503135681152344,73.27964782714844,63.52577209472656,62.43782424926758,109.6281967163086,71.92015838623047
2014-04-23,128.49000549316406,46.81684112548828,73.90138244628906,63.056190490722656,63.10967254638672,110.33296203613281,71.18693542480469
2014-04-30,124.66999816894531,47.43822479248047,72.78955078125,63.10654067993164,63.868614196777344,112.44731903076172,73.35041046142578
2014-05-07,127.88999938964844,48.98591995239258,73.8940658569336,65.43756866455078,63.67575454711914,114.69918823242188,74.30091094970703
2014-05-14,126.05999755859375,48.029579162597656,73.33082580566406,64.28042602539062,63.04961013793945,111.99787139892578,73.40473175048828
2014-05-21,127.5199966430664,49.64319610595703,73.74047088623047,66.33477783203125,63.481781005859375,115.96507263183594,75.8035888671875
2014-05-28,126.93000030517578,48.907257080078125,75.46976470947266,66.9804458618164,62.87428283691406,117.4430923461914,75.9303207397461
2014-06-04,128.25,49.58533477783203,76.67770385742188,66.9217300415039,63.54443359375,118.62715911865234,76.71785736083984
2014-06-11,126.02999877929688,48.78920364379883,75.0793685913086,65.54657745361328,64.14566802978516,114.47847747802734,75.27855682373047
2014-06-18,126.77999877929688,48.090274810791016,77.03865051269531,68.8621826171875,64.3398208618164,111.62621307373047,74.84403991699219
2014-06-25,127.23999786376953,49.58533477783203,77.98147583007812,68.9885482788086,63.481781005859375,110.76190948486328,78.27484130859375
2014-07-02,128.22000122070312,49.8191032409668,77.87097930908203,69.02225494384766,64.4024429321289,109.58645629882812,77.72265625
2014-07-09,128.49000549316406,51.32807159423828,76.07374572753906,70.68189239501953,64.12687683105469,111.58302307128906,77.98517608642578
2014-07-16,128.4199981689453,51.20772933959961,75.47710418701172,72.49315643310547,64.84709930419922,112.13616943359375,78.03948211669922
2014-07-23,127.36000061035156,49.411773681640625,75.1014404296875,70.99359893798828,64.85338592529297,105.72296905517578,78.0304183959961
2014-07-30,127.98999786376953,48.72671127319336,73.52515411376953,68.23036193847656,61.50266647338867,104.81542205810547,78.52831268310547
2014-08-06,133.05999755859375,48.67116928100586,74.12178039550781,67.58163452148438,61.68430709838867,104.12398529052734,78.94471740722656
2014-08-13,134.89999389648438,49.75893783569336,75.83802795410156,70.31961059570312,62.74464797973633,109.19795989990234,81.5517578125
2014-08-20,136.25,50.25489044189453,76.19157409667969,71.70967864990234,62.839271545410156,111.82400512695312,81.48838806152344
2014-08-27,137.9600067138672,49.79114532470703,76.6476058959961,72.77960968017578,62.114009857177734,109.11100006103516,82.1944808959961
2014-09-03,136.88999938964844,49.686798095703125,76.97392272949219,74.60773468017578,61.42026901245117,111.48487854003906,81.10820770263672
2014-09-10,138.69000244140625,50.387062072753906,78.51634216308594,73.42830657958984,61.44550704956055,110.71096801757812,81.7146987915039
2014-09-17,138.77999877929688,49.26477813720703,79.68799591064453,73.2582778930664,60.56257247924805,110.76314544677734,79.94046020507812
2014-09-24,138.13999938964844,49.475799560546875,79.04286193847656,72.97064971923828,59.31385803222656,110.76314544677734,80.59221649169922
2014-10-01,136.72000122070312,48.24219512939453,75.92829895019531,71.22781372070312,58.88502883911133,107.23278045654297,78.85419464111328
2014-10-08,137.38999938964844,47.006290435791016,71.938720703125,70.0687484741211,57.10654830932617,106.33715057373047,76.1656723022461
2014-10-15,138.97000122070312,49.46187973022461,74.4229507446289,76.94701385498047,59.061588287353516,110.53706359863281,79.24343872070312
2014-10-22,140.4600067138672,50.25026321411133,77.7080307006836,78.37684631347656,59.97605514526367,107.48495483398438,81.40692138671875
2014-10-29,142.17999267578125,56.33937454223633,80.54823303222656,80.35653686523438,59.61025619506836,109.42404174804688,81.78712463378906
2014-11-05,144.9499969482422,57.90687561035156,80.7632827758789,80.95723724365234,60.8022575378418,109.00666809082031,81.45219421386719
2014-11-12,145.80999755859375,57.90687561035156,80.70394134521484,83.07230377197266,60.26295852661133,114.27818298339844,81.72374725341797
2014-11-19,147.80999755859375,59.76777267456055,79.1244125366211,82.82698822021484,60.205810546875,117.90789794921875,82.96391296386719
2014-11-26,149.8699951171875,60.40668487548828,80.99071502685547,84.45982360839844,59.83103561401367,115.695068359375,84.61143493652344
2014-12-03,150.4600067138672,61.36618423461914,80.64738464355469,85.4665756225586,58.04606628417969,113.40357971191406,84.13165283203125
2014-12-10,145.27999877929688,58.873348236083984,76.698974609375,81.39834594726562,54.8890380859375,108.671875,81.62417602539062
2014-12-17,151.75,61.62640380859375,77.83348083496094,87.34294891357422,60.08510971069336,113.72718811035156,86.80524444580078
2014-12-24,152.08999633789062,61.46141815185547,78.63957214355469,87.34294891357422,59.087833404541016,115.30150604248047,86.81439971923828
2014-12-31,146.83999633789062,59.82354736328125,77.08709716796875,84.00548553466797,57.04877853393555,111.54064178466797,84.2384033203125
2015-01-07,148.6300048828125,60.5855598449707,78.19174194335938,87.52979278564453,57.16946792602539,114.7242660522461,87.26362609863281
2015-01-14,148.6300048828125,59.67020797729492,75.6017837524414,89.69532012939453,57.86184310913086,114.76799011230469,86.85107421875
2015-01-21,147.64999389648438,58.31111145019531,76.19888305664062,93.42340850830078,57.772926330566406,115.87000274658203,86.14520263671875
2015-01-28,148.2899932861328,60.35557174682617,76.4750747680664,91.55509948730469,58.59870147705078,128.8668975830078,86.26437377929688
2015-02-04,149.9199981689453,61.46141815185547,74.90016174316406,92.54022216796875,57.81103515625,129.47914123535156,93.4332046508789
2015-02-11,149.1699981689453,62.92975616455078,74.96733856201172,93.21109771728516,59.55176544189453,131.1234588623047,95.45003509521484
2015-02-18,148.9499969482422,63.416500091552734,75.1613998413086,98.0262222290039,57.22856521606445,135.85934448242188,95.95420837402344
2015-02-25,145.92999267578125,64.0751724243164,76.9201889038086,95.84370422363281,56.07658767700195,136.90660095214844,97.49431610107422
2015-03-04,143.19000244140625,61.72443389892578,74.8081283569336,95.50401306152344,53.92620086669922,134.134521484375,94.50578308105469
2015-03-11,144.75,61.5615119934082,75.07870483398438,99.8690414428711,53.811012268066406,135.97373962402344,98.05353546142578
2015-03-18,144.2899932861328,62.46923065185547,76.63457489013672,100.64622497558594,54.092586517333984,133.45687866210938,98.1910400390625
2015-03-25,144.32000732421875,60.89586639404297,75.61235809326172,100.79109191894531,54.39979934692383,132.07525634765625,96.1559066772461
2015-04-01,143.05999755859375,61.258941650390625,75.23656463623047,99.99015045166016,54.87979507446289,134.0465087890625,96.65093231201172
2015-04-08,142.75,61.00758361816406,75.55223083496094,102.17994689941406,55.442970275878906,134.82972717285156,97.77851867675781
2015-04-15,141.13999938964844,60.839996337890625,75.38690185546875,101.6346435546875,55.60297775268555,134.93536376953125,98.71357727050781
2015-04-22,142.52000427246094,62.16197967529297,75.71759796142578,100.19461822509766,56.19179916381836,129.8135223388672,100.76705932617188
2015-04-29,144.55999755859375,61.40790557861328,74.78559112548828,96.59893798828125,56.71018981933594,125.76538848876953,101.58293914794922
2015-05-06,144.7899932861328,63.94950866699219,75.51467895507812,97.68104553222656,55.69258117675781,127.98306274414062,100.1436767578125
2015-05-13,146.5399932861328,65.31804656982422,78.13777923583984,102.71674346923828,56.133872985839844,130.238037109375,101.35376739501953
2015-05-20,143.6300048828125,63.921504974365234,75.77774047851562,100.74848937988281,55.07558059692383,126.47393798828125,100.32703399658203
2015-05-27,143.02999877929688,64.38783264160156,75.69437408447266,100.33097076416016,54.94007110595703,126.87248229980469,101.52794647216797
2015-06-03,139.6300048828125,63.37127685546875,74.35430145263672,99.68340301513672,54.578704833984375,124.08262634277344,99.48362731933594
2015-06-10,139.7100067138672,64.35984802246094,74.46784973144531,103.56884002685547,54.64324188232422,126.06651306152344,101.8121337890625
2015-06-17,141.3300018310547,64.74221801757812,75.5429458618164,105.02577209472656,54.8949089050293,127.9176025390625,104.8831787109375
2015-06-24,136.11000061035156,62.625179290771484,73.7864761352539,104.39254760742188,53.6882209777832,122.86038208007812,104.63565826416016
2015-07-01,138.44000244140625,63.203407287597656,74.89183807373047,103.28018188476562,53.47527313232422,126.78392791748047,107.34918212890625
2015-07-08,141.1199951171875,65.37641143798828,75.5429458618164,106.95957946777344,53.630123138427734,130.85800170898438,108.66507720947266
2015-07-15,143.60000610351562,67.16702270507812,75.9669189453125,103.41706848144531,52.69446563720703,128.4224090576172,110.01127624511719
2015-07-22,143.22000122070312,69.70370483398438,74.96755981445312,103.98182678222656,53.2236213684082,125.59708404541016,109.2275161743164
2015-07-29,142.67999267578125,70.1980209350586,75.55807495117188,103.39997863769531,49.79711151123047,127.12933349609375,112.2057876586914
2015-08-05,142.8000030517578,68.416748046875,74.95997619628906,104.61502075195312,50.003604888916016,127.58099365234375,99.582763671875
2015-08-12,141.36000061035156,69.45195007324219,75.2325439453125,107.38742065429688,50.73851013183594,128.88525390625,98.6053695678711
2015-08-19,127.73999786376953,62.55963134765625,68.69123840332031,94.10733032226562,44.75278854370117,111.85205841064453,88.41658020019531
2015-08-26,130.41000366210938,64.41858673095703,70.25424194335938,96.37487030029297,46.94778060913086,113.59014129638672,91.75443267822266
2015-09-02,132.89999389648438,65.88519287109375,71.66558074951172,99.33549499511719,47.8726692199707,119.27678680419922,95.90373229980469
2015-09-09,132.25999450683594,65.86652374267578,72.01651763916016,102.70687866210938,47.45581817626953,121.48722839355469,95.36892700195312
2015-09-16,129.3000030517578,65.6236343383789,71.13155364990234,105.6433334350586,47.377647399902344,119.42830657958984,94.50220489501953
2015-09-23,128.80999755859375,64.01690673828125,70.97899627685547,98.15816497802734,47.527462005615234,114.75776672363281,91.67145538330078
2015-09-30,131.19000244140625,67.3331069946289,71.26886749267578,99.7308120727539,50.731990814208984,119.99874877929688,95.68242645263672
2015-10-07,132.19000244140625,70.06080627441406,72.81755828857422,106.55427551269531,51.559173583984375,125.04362487792969,98.28264617919922
2015-10-14,134.16000366210938,71.25654602050781,74.45011138916016,103.48632049560547,52.646907806396484,123.78684997558594,101.27935791015625
2015-10-21,135.6300048828125,72.4148941040039,76.43360900878906,102.58397674560547,52.81623077392578,132.3257293701172,104.9030532836914
2015-10-28,137.94000244140625,72.76988220214844,77.7839584350586,101.11441802978516,56.56790542602539,131.99594116210938,106.53510284423828
2015-11-04,134.72999572753906,74.24578857421875,77.3948745727539,99.59332275390625,53.636932373046875,129.3754119873047,108.26860046386719
2015-11-11,133.08999633789062,73.77096557617188,77.43302154541016,98.30426788330078,52.53425979614258,131.0094451904297,107.0791244506836
2015-11-18,135.5399932861328,74.66934204101562,77.84496307373047,97.27301025390625,53.79570770263672,133.31430053710938,108.75727081298828
2015-11-25,136.42999267578125,74.78163146972656,78.66472625732422,99.91129302978516,53.802276611328125,132.49818420410156,106.39679718017578
2015-12-02,133.36000061035156,73.99553680419922,78.71086120605469,99.58470153808594,49.03240203857422,130.03189086914062,103.7136001586914
2015-12-09,134.8800048828125,73.57443237304688,80.02500915527344,101.50800323486328,52.18604278564453,131.4130096435547,103.41854095458984
2015-12-16,133.13999938964844,72.41400146484375,78.93370056152344,101.36127471923828,51.01656723022461,127.69114685058594,99.0518569946289
2015-12-23,134.13999938964844,74.12655639648438,79.94813537597656,103.41543579101562,52.008644104003906,132.14842224121094,99.36737060546875
2015-12-30,131.25,71.37521362304688,77.54270935058594,100.70533752441406,51.32535934448242,126.51632690429688,93.63249969482422
2016-01-06,128.8000030517578,69.96214294433594,75.49847412109375,96.8904800415039,49.406883239746094,118.31029510498047,94.15216064453125
2016-01-13,127.76000213623047,66.80844116210938,74.92980194091797,97.16666412353516,50.195316314697266,113.0548324584961,87.20165252685547
2016-01-20,125.88999938964844,67.26696014404297,77.75788879394531,98.35771942138672,50.39241027832031,114.80365753173828,89.33597564697266
2016-01-27,125.69999694824219,68.6894302368164,79.4716796875,98.28868103027344,49.00612258911133,105.3958740234375,86.41287231445312
2016-02-03,127.72000122070312,63.944793701171875,78.36502075195312,95.94107055664062,52.613101959228516,106.61557006835938,85.67047882080078
2016-02-10,128.55999755859375,66.53702545166016,78.63400268554688,99.38479614257812,53.84640884399414,100.98344421386719,86.21798706054688
2016-02-17,130.74000549316406,67.5196304321289,79.986572265625,104.5633316040039,53.85304641723633,105.81000518798828,88.51009368896484
2016-02-24,136.94000244140625,69.98765563964844,82.99686431884766,105.01214599609375,53.88619613647461,108.57969665527344,90.6165771484375
2016-03-02,137.8000030517578,66.21821594238281,82.2227783203125,105.0035171508789,54.781211853027344,110.74298095703125,90.77434539794922
2016-03-09,140.39999389648438,67.42781066894531,83.41485595703125,107.75677490234375,54.90715789794922,114.37255859375,91.16407775878906
2016-03-16,142.17999267578125,68.412353515625,83.12069702148438,110.94876098632812,55.76902389526367,122.30152130126953,90.55162048339844
2016-03-23,141.89999389648438,70.68153381347656,84.48307800292969,112.51739501953125,56.04084014892578,118.46377563476562,91.08985900878906
2016-03-30,141.1999969482422,72.17239379882812,84.33599853515625,110.09941101074219,54.50273895263672,114.97898864746094,90.01341247558594
2016-04-06,142.39999389648438,73.62583923339844,84.83915710449219,109.89142608642578,55.92149353027344,117.18751525878906,90.33818817138672
2016-04-13,145.9499969482422,75.71680450439453,87.22334289550781,113.0980224609375,57.154624938964844,120.0929946899414,95.24716186523438
2016-04-20,147.02000427246094,73.63517761230469,87.40138244628906,116.3393325805664,58.096038818359375,120.59986114501953,97.3351058959961
2016-04-27,144.8300018310547,72.37872314453125,87.2310791015625,114.79670715332031,58.41429138183594,119.92103576660156,96.30506896972656
2016-05-04,144.77999877929688,74.26343536376953,88.7637710571289,115.75863647460938,59.66064453125,121.939453125,98.92194366455078
2016-05-11,140.33999633789062,72.00363159179688,88.11354064941406,112.28339385986328,59.355674743652344,119.984375,92.74165344238281
2016-05-18,143.7100067138672,74.56398010253906,87.2310791015625,114.90937042236328,59.94812774658203,116.34574127197266,92.34260559082031
2016-05-25,140.5399932861328,74.15069580078125,87.8538818359375,115.84534454345703,59.513580322265625,115.11385345458984,92.07349395751953
2016-06-01,141.41000366210938,75.7099838256836,90.22389221191406,118.6792984008789,60.64340591430664,120.38817596435547,91.26616668701172
2016-06-08,141.3000030517578,73.80313873291016,91.30754089355469,119.48529815673828,60.45622634887695,119.08329010009766,91.31255340576172
2016-06-15,143.52999877929688,72.63838195800781,90.57470703125,119.76260375976562,61.19160461425781,120.01406860351562,91.70230102539062
2016-06-22,140.27999877929688,70.60005187988281,92.17291259765625,120.76068878173828,60.777130126953125,113.05155944824219,89.13182830810547
2016-06-29,142.22999572753906,70.13977813720703,95.32250213623047,123.24188995361328,62.18775177001953,115.86210632324219,90.6258544921875
2016-07-06,144.6699981689453,72.77928161621094,95.82923889160156,121.76187133789062,63.47800064086914,119.36615753173828,92.98291015625
2016-07-13,146.9199981689453,73.94405364990234,97.64574432373047,124.13858032226562,63.157161712646484,122.87934112548828,92.97602081298828
2016-07-20,144.33999633789062,73.7280044555664,97.56777954101562,123.36380767822266,61.19160461425781,123.052734375,90.37751770019531
2016-07-27,143.30999755859375,73.53075408935547,97.33389282226562,124.6435317993164,58.18986129760742,120.08705139160156,88.80719757080078
2016-08-03,147.22000122070312,75.20275115966797,96.22684478759766,123.46826934814453,59.299644470214844,121.01780700683594,90.35882568359375
2016-08-10,147.24000549316406,75.90724182128906,93.81007385253906,122.8239974975586,58.77817916870117,123.1895980834961,90.55510711669922
2016-08-17,148.77000427246094,75.89786529541016,93.1162338256836,123.6336898803711,59.14456558227539,123.41920471191406,89.70451354980469
2016-08-24,150.22999572753906,76.37775421142578,93.7609634399414,119.15878295898438,59.00971603393555,120.35535430908203,88.66698455810547
2016-08-31,150.42999267578125,77.6574478149414,93.98072052001953,118.3752670288086,59.71767044067383,122.36114501953125,87.67620086669922
2016-09-07,146.22999572753906,77.0551986694336,92.30119323730469,116.61664581298828,57.45221710205078,118.46920013427734,86.64800262451172
2016-09-14,144.9199981689453,77.61039733886719,92.56804656982422,120.23382568359375,55.6519889831543,117.57672119140625,86.88167572021484
2016-09-21,145.33999633789062,77.30929565429688,93.56475830078125,123.13756561279297,56.12397003173828,120.8246078491211,85.73199462890625
2016-09-28,143.1699981689453,77.84562683105469,93.2508316040039,120.83733367919922,58.153438568115234,121.68026733398438,86.54518127441406
2016-10-05,143.9499969482422,77.1963882446289,92.32476043701172,117.85484313964844,59.15806579589844,123.05119323730469,85.86286163330078
2016-10-12,144.3000030517578,76.7635498046875,90.57463836669922,125.41155242919922,58.5040168762207,124.3025131225586,85.2178955078125
2016-10-19,143.4199981689453,77.18695068359375,89.43667602539062,125.75270080566406,58.47031784057617,127.90922546386719,86.69474029541016
2016-10-26,143.6300048828125,76.80115509033203,90.51968383789062,121.94805908203125,56.400390625,131.02825927734375,86.3582534790039
2016-11-02,147.7899932861328,77.98675537109375,91.86174011230469,124.98297119140625,57.51963806152344,130.83505249023438,88.21832275390625
2016-11-09,157.4600067138672,73.93122863769531,91.28881072998047,133.1431427001953,59.056114196777344,137.31919860839844,91.32157897949219
2016-11-16,158.66000366210938,75.21092987060547,88.47920227050781,133.16940307617188,58.960872650146484,138.62648010253906,91.33091735839844
2016-11-23,157.67999267578125,74.63372802734375,88.8851547241211,137.83111572265625,58.4303092956543,140.5919952392578,93.16295623779297
2016-11-30,161.33999633789062,72.71011352539062,88.55325317382812,137.59500122070312,59.55945587158203,141.14828491210938,94.08834075927734
2016-12-07,166.6199951171875,74.6808853149414,91.57981872558594,140.9703369140625,62.97412109375,145.24624633789062,97.070068359375
2016-12-14,166.36000061035156,73.8887939453125,91.39807891845703,141.89236450195312,61.51167297363281,144.99594116210938,99.33464813232422
2016-12-21,164.9499969482422,73.87936401367188,91.59566497802734,142.81434631347656,61.72932434082031,146.0065155029297,99.0615005493164
2016-12-28,163.8300018310547,74.96376037597656,91.54032135009766,141.7694549560547,61.82455062866211,145.53366088867188,99.91864776611328
2017-01-04,161.47000122070312,76.67048645019531,91.79322052001953,141.883544921875,58.45070266723633,147.48065185546875,102.08505249023438
2017-01-11,159.63999938964844,76.62332916259766,90.77381896972656,141.07574462890625,59.423377990722656,146.1826629638672,101.69886016845703
2017-01-18,160.72000122070312,78.48091888427734,88.31620025634766,140.873779296875,57.87932586669922,148.8528594970703,101.63292694091797
2017-01-25,164.13999938964844,77.99059295654297,89.49363708496094,142.3402557373047,57.06306457519531,151.51376342773438,104.22320556640625
2017-02-01,162.92999267578125,80.88540649414062,89.6754150390625,140.9615478515625,56.30121994018555,154.36936950683594,102.6690444946289
2017-02-08,166.9499969482422,81.89434814453125,91.95125579833984,143.24464416503906,56.33525085449219,156.22364807128906,103.9217758178711
2017-02-15,168.9199981689453,82.90331268310547,94.55902862548828,140.99667358398438,56.21198654174805,164.16937255859375,103.6203842163086
2017-02-22,171.4199981689453,83.08000946044922,96.5740966796875,145.22035217285156,55.820716857910156,168.536376953125,103.69572448730469
2017-03-01,175.3000030517578,84.13809967041016,98.50179290771484,147.784423828125,56.64443588256836,170.2102508544922,104.4209976196289
2017-03-08,174.72999572753906,84.60104370117188,101.06316375732422,148.45176696777344,55.59419631958008,167.13368225097656,105.78678894042969
2017-03-15,169.47000122070312,83.19337463378906,101.22222900390625,147.8064727783203,56.170806884765625,164.54344177246094,105.25931549072266
2017-03-22,168.30999755859375,84.19481658935547,99.9574966430664,145.73524475097656,56.177677154541016,165.85260009765625,106.48381042480469
2017-03-29,166.86000061035156,83.87360382080078,99.17793273925781,145.4002685546875,56.54145812988281,167.10568237304688,106.4743881225586
2017-04-05,165.6999969482422,83.93973541259766,98.81199645996094,146.1582794189453,56.864112854003906,166.9840850830078,106.50263214111328
2017-04-12,163.69000244140625,84.7710952758789,96.90290069580078,148.5908966064453,55.63539123535156,166.31080627441406,107.55758666992188
2017-04-19,167.52999877929688,87.01953125,98.18358612060547,153.3943634033203,56.10215759277344,171.60357666015625,108.49009704589844
2017-04-26,166.0500030517578,87.4258041381836,98.39836883544922,153.48251342773438,56.32183074951172,171.5381317138672,107.72714233398438
2017-05-03,163.4600067138672,86.9156265258789,98.00858306884766,152.68927001953125,56.50027847290039,174.7830047607422,105.56072998046875
2017-05-10,163.61000061035156,88.0020751953125,101.63587951660156,148.17665100097656,56.665042877197266,170.84613037109375,101.70829010009766
2017-05-17,165.47999572753906,88.67284393310547,101.43702697753906,154.4343719482422,57.22091293334961,172.8984375,100.80403137207031
2017-05-24,165.11000061035156,89.64411926269531,101.11088562011719,155.6418914794922,56.19541549682617,176.0927734375,102.04736328125
2017-05-31,166.1300048828125,90.65677642822266,104.76012420654297,159.37002563476562,56.27162170410156,175.9702606201172,99.37232208251953
2017-06-07,171.47000122070312,89.98482513427734,105.71299743652344,159.57273864746094,57.484222412109375,180.0597381591797,100.3707504272461
2017-06-14,170.5500030517578,89.32233428955078,107.47460174560547,161.52940368652344,57.033843994140625,186.8818359375,97.9029541015625
2017-06-21,167.35000610351562,89.81446075439453,108.1072006225586,163.37356567382812,56.20235061645508,187.40953063964844,99.28756713867188
2017-06-28,171.8000030517578,88.3475341796875,106.41763305664062,165.18785095214844,56.88833236694336,187.12680053710938,101.2184829711914
2017-07-05,169.24000549316406,90.297119140625,105.08040618896484,164.568359375,55.84895324707031,194.36351013183594,97.8087387084961
2017-07-12,170.30999755859375,92.35084533691406,107.66678619384766,165.36483764648438,55.84895324707031,196.2198028564453,100.34880828857422
2017-07-19,172.94000244140625,94.63168334960938,105.60089874267578,168.50669860839844,55.62028884887695,200.19622802734375,100.98458862304688
2017-07-26,176.2899932861328,95.46453094482422,106.1053695678711,170.126220703125,55.551002502441406,225.61883544921875,104.96057891845703
2017-08-02,176.42999267578125,95.8525619506836,105.91316986083984,172.4892120361328,55.40546798706055,225.67539978027344,101.51598358154297
2017-08-09,177.47000122070312,97.13021850585938,106.80199432373047,172.13523864746094,54.07510757446289,225.36444091796875,96.32536315917969
2017-08-16,180.4499969482422,98.4930419921875,107.85897064208984,172.39190673828125,53.689701080322266,227.2583465576172,97.52099609375
2017-08-23,178.6199951171875,98.36726379394531,105.86514282226562,174.10879516601562,53.486820220947266,227.95980834960938,97.33123016357422
2017-08-30,176.97999572753906,97.64683532714844,104.67711639404297,176.3921661376953,53.99753952026367,224.65162658691406,96.41075897216797
2017-09-06,178.6300048828125,100.68025207519531,106.87703704833984,174.7637481689453,55.62068557739258,228.0451202392578,92.89025115966797
2017-09-13,183.00999450683594,99.92188262939453,108.96412658691406,172.9217071533203,56.12443161010742,239.30612182617188,93.40267181396484
2017-09-20,181.86000061035156,97.58047485351562,105.51517486572266,171.1893768310547,56.59318161010742,240.4815216064453,93.59246063232422
2017-09-27,185.6699981689453,100.09252166748047,106.44994354248047,176.4574432373047,57.20187759399414,242.14981079101562,95.64214324951172
2017-10-04,188.0,101.72296905517578,107.90042114257812,172.94837951660156,57.551673889160156,247.3347930908203,94.49393463134766
2017-10-11,187.38999938964844,101.94098663330078,113.4525375366211,181.13027954101562,58.04142761230469,245.1451873779297,93.33625030517578
2017-10-18,189.77999877929688,102.76569366455078,114.13754272460938,184.91473388671875,58.39824295043945,252.1406707763672,93.26982879638672
2017-10-25,186.94000244140625,104.25396728515625,112.34056854248047,186.75372314453125,58.31425857543945,244.53855895996094,92.81433868408203
2017-11-01,186.3000030517578,106.25410461425781,112.63066101074219,188.95680236816406,58.475181579589844,252.2638702392578,96.42025756835938
2017-11-08,183.33999633789062,106.14981842041016,112.40501403808594,188.07736206054688,57.53768539428711,248.12164306640625,97.90056610107422
2017-11-15,183.17999267578125,105.64740753173828,111.47831726074219,188.8679962158203,57.102821350097656,254.43954467773438,97.7392578125
2017-11-22,187.5399932861328,107.64836883544922,112.83211517333984,192.0128631591797,57.6677131652832,255.39254760742188,98.12832641601562
2017-11-29,196.07000732421875,103.10919952392578,113.23929595947266,195.5219268798828,58.5291633605957,262.5876770019531,101.74372863769531
2017-12-06,199.07000732421875,107.74333190917969,115.61482238769531,198.32139587402344,58.4373664855957,276.3107604980469,101.94300842285156
2017-12-13,197.91000366210938,106.48986053466797,114.9499740600586,197.9202423095703,58.21138000488281,283.2771301269531,106.95279693603516
2017-12-20,197.57000732421875,107.29703521728516,113.57982635498047,195.74530029296875,59.29881286621094,281.4759521484375,103.42310333251953
2017-12-27,197.22000122070312,108.74042510986328,112.88253784179688,197.13584899902344,60.04021453857422,282.88641357421875,106.9432373046875
2018-01-03,203.02000427246094,113.10868072509766,116.86341857910156,201.34317016601562,61.26884841918945,303.4615478515625,105.1640396118164
2018-01-10,210.2899932861328,114.32417297363281,119.06869506835938,207.6005859375,61.410072326660156,319.4051208496094,105.8814468383789
2018-01-17,215.55999755859375,118.3695297241211,114.99053955078125,218.5733642578125,62.34919738769531,319.8148498535156,105.61361694335938
2018-01-24,214.41000366210938,117.32496643066406,115.47698211669922,210.94325256347656,61.27589797973633,321.8352355957031,105.32666015625
2018-01-31,201.24000549316406,113.92533874511719,106.88291931152344,200.7191925048828,55.32343673706055,324.8847961425781,101.55781555175781
2018-02-07,197.99000549316406,112.38694763183594,105.36678314208984,202.0205841064453,53.87590408325195,327.0290832519531,99.59686279296875
2018-02-14,203.0500030517578,115.86254119873047,106.10457611083984,202.0383758544922,54.03450012207031,338.4023132324219,101.37606048583984
2018-02-21,209.66000366210938,117.35797119140625,106.75318145751953,207.26185607910156,55.28282928466797,349.2147216796875,100.31427764892578
2018-02-28,204.5500030517578,115.16057586669922,104.6217269897461,201.6105499267578,54.341251373291016,334.1596984863281,100.3812484741211
2018-03-07,209.1300048828125,117.19627380371094,109.62353515625,202.2879638671875,53.16423797607422,324.34332275390625,99.22381591796875
2018-03-14,204.75,118.82293701171875,107.06143951416016,202.8146514892578,52.779056549072266,323.3472900390625,96.94718933105469
2018-03-21,196.14999389648438,111.67891693115234,103.79759216308594,194.92672729492188,52.57217788696289,307.53570556640625,95.04364013671875
2018-03-28,197.9600067138672,113.3912124633789,104.7278060913086,200.8471221923828,53.5137825012207,316.82537841796875,95.10104370117188
2018-04-04,197.8000030517578,114.8371353149414,106.27811431884766,202.82359313964844,54.97609329223633,320.66571044921875,96.96633911132812
2018-04-11,199.27000427246094,117.76703643798828,106.51473999023438,213.3408660888672,55.874881744384766,322.4757995605469,97.73157501220703
2018-04-18,196.8000030517578,115.36029815673828,102.96532440185547,209.46841430664062,55.88916015625,315.1397705078125,95.13929748535156
2018-04-25,195.11000061035156,121.29625701904297,102.8184585571289,211.82044982910156,54.890499114990234,315.5994873046875,95.71324920654297
2018-05-02,196.24000549316406,123.56974792480469,100.0442123413086,207.5098419189453,55.70369338989258,324.0559387207031,97.36808776855469
2018-05-09,197.36000061035156,124.71131134033203,102.10041809082031,214.19044494628906,58.34300994873047,327.6473083496094,98.44898223876953
2018-05-16,198.1300048828125,124.34031677246094,100.28901672363281,219.27020263671875,58.826271057128906,341.6977233886719,99.54903411865234
2018-05-23,189.8699951171875,123.56829071044922,97.42499542236328,216.57826232910156,56.50608825683594,339.2530822753906,95.35930633544922
2018-05-30,190.77000427246094,127.25556945800781,99.85733795166016,218.59947204589844,58.134544372558594,346.58709716796875,95.59845733642578
2018-06-06,195.27000427246094,128.49423217773438,100.7286605834961,226.7825469970703,59.38832092285156,356.71234130859375,99.79774475097656
2018-06-13,190.35000610351562,128.7324676513672,100.75332641601562,226.2816925048828,58.14896011352539,328.3193664550781,101.49085998535156
2018-06-20,186.44000244140625,126.29325103759766,100.57245635986328,224.16529846191406,58.10573196411133,318.8678283691406,99.73078155517578
2018-06-27,186.02000427246094,125.24518585205078,100.86839294433594,221.66128540039062,59.25860595703125,320.4366455078125,99.52033233642578
2018-07-04,189.89999389648438,130.23782348632812,104.70716857910156,229.34376525878906,60.28181457519531,334.1326599121094,101.42389678955078
2018-07-11,190.41000366210938,133.04855346679688,106.12924194335938,224.63198852539062,59.309024810791016,343.4879150390625,106.35651397705078
2018-07-18,198.4600067138672,133.42018127441406,106.33476257324219,227.74620056152344,59.81344223022461,344.8257751464844,106.74220275878906
2018-07-25,197.8699951171875,130.28543090820312,108.93228149414062,227.26161193847656,58.732601165771484,342.9297180175781,109.49993896484375
2018-08-01,208.72000122070312,133.65835571289062,108.06096649169922,231.23751831054688,58.55965805053711,337.59759521484375,112.39268493652344
2018-08-08,205.8300018310547,134.11570739746094,106.4498062133789,236.4698944091797,56.426815032958984,326.4136657714844,108.71891021728516
2018-08-15,208.49000549316406,133.42967224121094,111.25856018066406,234.86334228515625,57.38737487792969,342.1770935058594,108.37178802490234
2018-08-22,210.77000427246094,138.55409240722656,110.4118881225586,240.98419189453125,58.44297790527344,339.7009582519531,108.55499267578125
2018-08-29,210.0500030517578,141.03506469726562,110.65120697021484,240.98419189453125,58.450252532958984,334.90350341796875,106.88683319091797
2018-09-05,215.10000610351562,138.83084106445312,114.6148452758789,234.27996826171875,60.32118606567383,333.9362487792969,105.68152618408203
2018-09-12,218.3000030517578,140.87289428710938,116.29463958740234,237.0966033935547,60.88173294067383,351.6656188964844,105.6140365600586
2018-09-19,218.0500030517578,142.7335968017578,114.7224349975586,237.29473876953125,62.971073150634766,355.196044921875,109.56744384765625
2018-09-26,215.2899932861328,142.8195037841797,116.2450180053711,243.7063751220703,62.94194793701172,373.7088317871094,113.453369140625
2018-10-03,223.75999450683594,135.7963409423828,115.18582153320312,243.2381134033203,62.978355407714844,372.80926513671875,112.71089935302734
2018-10-10,209.8300018310547,135.25241088867188,113.00127410888672,245.45339965820312,59.11272430419922,356.18255615234375,112.03592681884766
2018-10-17,204.0,132.75234985351562,114.96240234375,238.5103759765625,58.1226692199707,338.5790100097656,113.63656616210938
2018-10-24,203.35000610351562,126.68348693847656,116.46841430664062,232.5850067138672,57.35099411010742,338.4435729980469,110.65704345703125
2018-10-31,218.50999450683594,134.345947265625,117.97445678710938,237.32176208496094,59.68782043457031,354.4609069824219,112.5373306274414
2018-11-07,217.9199981689453,133.32492065429688,119.72045135498047,242.43667602539062,56.78315734863281,338.05670166015625,112.67231750488281
2018-11-14,210.7100067138672,127.26551818847656,121.18510437011719,235.48471069335938,56.60134506225586,308.7080993652344,107.87037658691406
2018-11-21,212.52999877929688,129.92214965820312,118.51233673095703,244.17471313476562,56.660179138183594,309.0287170410156,109.82779693603516
2018-11-28,210.1199951171875,132.5318603515625,121.6070556640625,250.83847045898438,58.41035842895508,332.80615234375,108.8346176147461
2018-12-05,202.27999877929688,130.7825164794922,121.99845886230469,241.40455627441406,56.38809585571289,312.91552734375,107.966796875
2018-12-12,196.52000427246094,126.81536102294922,108.60775756835938,228.5312042236328,52.946571350097656,318.7748718261719,106.35551452636719
2018-12-19,187.75999450683594,116.36688232421875,102.29548645019531,210.436279296875,48.17402267456055,285.8343505859375,97.51280212402344
2018-12-26,204.17999267578125,126.1270751953125,107.4668960571289,225.0531463623047,50.144813537597656,313.37225341796875,106.54986572265625
2019-01-02,196.30999755859375,130.77294921875,108.2247085571289,219.78636169433594,52.975982666015625,330.8919372558594,108.26982116699219
2019-01-09,196.94000244140625,131.2891387939453,107.72505950927734,232.05442810058594,52.703895568847656,342.2704772949219,108.60021209716797
2019-01-16,200.72000122070312,131.96788024902344,107.25872039794922,240.02235412597656,52.86568069458008,347.770263671875,107.4729995727539
2019-01-23,202.0500030517578,129.05221557617188,108.53280639648438,241.51290893554688,52.586238861083984,354.5819091796875,107.76451873779297
2019-01-30,207.82000732421875,136.25047302246094,110.65634155273438,240.5824432373047,55.5865364074707,398.57061767578125,109.47476196289062
2019-02-06,206.14999389648438,135.73428344726562,111.72224426269531,238.0439910888672,55.44681930541992,399.0953369140625,106.11257934570312
2019-02-13,205.69000244140625,138.07638549804688,112.99639129638672,244.286376953125,58.16661834716797,406.51055908203125,110.30072784423828
2019-02-20,201.89999389648438,140.80715942382812,113.34613800048828,237.57421875,58.48632049560547,416.7743835449219,110.29100799560547
2019-02-27,201.47000122070312,141.67849731445312,116.32769775390625,218.10604858398438,59.62390899658203,420.0459289550781,110.7768783569336
2019-03-06,202.5,145.29832458496094,116.67138671875,222.1261749267578,59.482662200927734,366.6173095703125,111.48624420166016
2019-03-13,205.14999389648438,148.0370635986328,116.0510482788086,233.1759796142578,60.12952423095703,364.6836853027344,106.88996124267578
2019-03-20,200.6199951171875,148.7169189453125,116.16004943847656,220.71597290039062,60.19644546508789,361.7051086425781,107.02600860595703
2019-03-27,203.8800048828125,151.0918426513672,115.43912506103516,221.64093017578125,60.50872039794922,381.5979919433594,108.7945556640625
2019-04-03,204.9199981689453,150.81417846679688,113.64523315429688,225.61288452148438,60.91767501831055,360.3965148925781,113.55601501464844
2019-04-10,211.8000030517578,153.43801879882812,115.69901275634766,200.37550354003906,60.374881744384766,372.7795104980469,126.22732543945312
2019-04-17,211.61000061035156,154.80740356445312,117.27493286132812,209.099365234375,61.99580383300781,365.2598571777344,129.58950805664062
2019-04-24,216.7100067138672,157.45999145507812,118.3647232055664,211.3573760986328,59.69084167480469,368.8439025878906,133.09744262695312
2019-05-01,209.42999267578125,153.41888427734375,117.33363342285156,215.87339782714844,57.04385757446289,348.8631286621094,129.667236328125
2019-05-08,203.69000244140625,153.41888427734375,114.69306182861328,214.40431213378906,56.36723709106445,335.0054626464844,129.43402099609375
2019-05-15,203.36000061035156,156.9141387939453,115.78280639648438,226.65574645996094,57.344261169433594,352.36029052734375,130.2988739013672
2019-05-22,199.6999969482422,157.0116424560547,114.9026107788086,219.50985717773438,54.606781005859375,348.5592346191406,128.8704376220703
2019-05-29,201.58999633789062,155.68807983398438,112.86983489990234,218.33094787597656,55.34379196166992,338.4819641113281,131.00823974609375
2019-06-05,206.6300048828125,163.34156799316406,117.9760971069336,222.9648895263672,56.283851623535156,343.1080627441406,131.26087951660156
2019-06-12,206.00999450683594,162.3536834716797,118.35591125488281,222.8107452392578,56.96071243286133,367.29937744140625,135.30328369140625
2019-06-19,208.07000732421875,164.27186584472656,121.74040985107422,225.5827178955078,57.35929489135742,362.7420349121094,135.9834747314453
2019-06-26,214.5399932861328,168.10821533203125,118.18709564208984,222.2216339111328,56.9456672668457,347.85205078125,138.500244140625
2019-07-03,214.75,170.45799255371094,119.35186767578125,224.07069396972656,57.4796257019043,346.8011169433594,137.6062469482422
2019-07-10,212.8800048828125,171.97332763671875,111.83169555664062,241.06724548339844,57.10360336303711,356.2890319824219,141.08856201171875
2019-07-17,206.4600067138672,173.49826049804688,108.74262237548828,232.2775115966797,56.68245315551758,366.42523193359375,138.1162109375
2019-07-24,207.80999755859375,174.10247802734375,111.47720336914062,232.2046661376953,56.66740798950195,341.2713623046875,141.70452880859375
2019-07-31,200.5500030517578,165.4227752685547,110.3715591430664,226.1475067138672,53.36588668823242,326.52874755859375,138.712646484375
2019-08-07,198.77999877929688,171.3019561767578,112.60820770263672,227.00363159179688,53.01240921020508,326.931396484375,133.96078491210938
2019-08-14,198.14999389648438,171.90618896484375,110.22807312011719,218.7513427734375,52.559913635253906,327.87445068359375,132.12265014648438
2019-08-21,198.35000610351562,171.3282470703125,109.41781616210938,203.05728149414062,51.1589241027832,350.58599853515625,131.49688720703125
2019-08-28,200.89999389648438,172.1157989501953,109.472412109375,210.0617218017578,52.20205307006836,350.2796325683594,133.27639770507812
2019-09-04,208.30999755859375,169.37847900390625,110.16119384765625,211.7377166748047,54.87458419799805,365.1735534667969,132.76795959472656
2019-09-11,210.14999389648438,169.47451782226562,110.26322174072266,211.7923583984375,55.71213912963867,379.71173095703125,133.27639770507812
2019-09-18,206.39999389648438,167.58238220214844,111.86186981201172,205.90919494628906,54.16647720336914,377.1914978027344,129.03298950195312
2019-09-25,206.7100067138672,167.39988708496094,110.53533935546875,198.78016662597656,52.49900436401367,370.5599060058594,126.66683959960938
2019-10-02,204.08999633789062,165.60386657714844,112.10845184326172,201.43406677246094,50.78583526611328,369.7297058105469,125.61085510253906
2019-10-09,209.3800048828125,171.68359375,112.95879364013672,218.3460693359375,52.85686492919922,366.6263732910156,126.87215423583984
2019-10-16,210.6199951171875,164.10546875,109.86357116699219,228.3120880126953,52.605594635009766,333.0631103515625,129.45338439941406
2019-10-23,213.00999450683594,170.60789489746094,109.7955322265625,230.8836669921875,52.110687255859375,344.8537292480469,126.59838104248047
2019-10-30,220.8800048828125,169.39773559570312,110.90097045898438,229.06253051757812,55.6512336730957,354.1044006347656,128.5245361328125
2019-11-06,220.88999938964844,172.63446044921875,111.69180297851562,233.59251403808594,52.81879806518555,358.6407775878906,135.495849609375
2019-11-13,219.02999877929688,175.544677734375,114.6424789428711,250.96214294433594,52.26136779785156,364.8293762207031,145.07777404785156
2019-11-20,218.89999389648438,175.62705993652344,116.6407699584961,257.5237121582031,52.97031021118164,371.3008728027344,148.2652130126953
2019-11-27,218.0800018310547,175.00172424316406,117.4403305053711,253.4055938720703,52.30760192871094,349.99761962890625,145.27330017089844
2019-12-04,221.25999450683594,175.34803771972656,119.86341094970703,255.80328369140625,53.21689224243164,345.84234619140625,142.8485107421875
2019-12-11,227.0500030517578,178.48440551757812,122.9201889038086,266.84613037109375,53.694664001464844,325.0659484863281,144.44223022460938
2019-12-18,225.47000122070312,180.4566650390625,124.94945526123047,270.5850830078125,53.9566650390625,331.03045654296875,142.90762329101562
2019-12-25,226.5,180.774169921875,124.89801788330078,270.07061767578125,53.771724700927734,323.83331298828125,142.25845336914062
2020-01-01,225.9199981689453,181.5342254638672,124.13601684570312,266.2214660644531,54.16470718383789,335.28515625,143.31089782714844
2020-01-08,227.1699981689453,188.61512756347656,125.45463562011719,264.7975158691406,53.32477951049805,330.3843078613281,142.81910705566406
2020-01-15,228.6300048828125,199.42886352539062,127.8092269897461,276.08795166015625,52.076419830322266,311.5165710449219,141.2059783935547
2020-01-22,224.02999877929688,195.15721130371094,128.00616455078125,262.6202392578125,49.818599700927734,314.6877136230469,136.10110473632812
2020-01-29,225.0800018310547,195.84024047851562,129.80421447753906,257.9993591308594,46.212249755859375,316.0595397949219,142.3568115234375
2020-02-05,227.3300018310547,196.20587158203125,130.13821411132812,267.14007568359375,46.64377212524414,342.3829345703125,138.6977996826172
2020-02-12,226.77000427246094,203.19053649902344,127.69791412353516,277.5670471191406,46.805335998535156,336.8757019042969,136.8584747314453
2020-02-19,218.0500030517578,181.51771545410156,123.85346984863281,241.96856689453125,42.36554718017578,304.1400146484375,126.08802795410156
2020-02-26,208.80999755859375,178.94525146484375,116.8363265991211,240.14039611816406,40.098751068115234,280.6199951171875,114.54051208496094
2020-03-04,202.72999572753906,175.9295654296875,122.0495376586914,257.2276916503906,33.93152618408203,231.00999450683594,109.6323471069336
2020-03-11,187.60000610351562,152.12222290039062,117.69801330566406,224.357666015625,28.772613525390625,124.13999938964844,91.99635314941406
2020-03-18,178.1999969482422,148.88499450683594,102.69602966308594,202.79837036132812,27.701759338378906,127.68000030517578,96.51109313964844
2020-03-25,182.8300018310547,155.23426818847656,112.99323272705078,230.09034729003906,29.67933464050293,149.13999938964844,95.01600646972656
2020-04-01,185.25,162.43141174316406,118.46492004394531,228.85397338867188,32.2353401184082,141.5800018310547,99.57992553710938
2020-04-08,192.94000244140625,168.2410888671875,125.83234405517578,249.5767059326172,33.165504455566406,141.0,104.2913818359375
2020-04-15,183.47999572753906,154.6658477783203,128.97752380371094,252.98130798339844,32.016475677490234,136.3300018310547,98.89140319824219
2020-04-22,187.1199951171875,164.99420166015625,130.45103454589844,266.05523681640625,35.15089797973633,131.3000030517578,104.46843719482422
2020-04-29,176.02999877929688,171.92156982421875,128.8224334716797,270.3731994628906,35.04146194458008,125.4000015258789,99.40287780761719
2020-05-06,172.80999755859375,172.91392517089844,126.78883361816406,265.4463195800781,34.48649597167969,125.22000122070312,102.84548950195312
2020-05-13,172.49000549316406,182.442626953125,128.40884399414062,266.69183349609375,35.011741638183594,130.44000244140625,112.49463653564453
2020-05-20,180.33999633789062,186.4733428955078,124.565673828125,272.08013916015625,36.581451416015625,144.72999572753906,118.96673583984375
2020-05-27,185.94000244140625,189.5037078857422,128.630859375,282.6167907714844,37.69698715209961,153.30999755859375,116.80280303955078
2020-06-03,196.07000732421875,192.1287384033203,126.64391326904297,285.29241943359375,42.64516067504883,216.74000549316406,121.85852813720703
2020-06-10,182.3000030517578,186.14524841308594,125.3424301147461,270.3362731933594,38.40614318847656,197.77000427246094,116.4979019165039
2020-06-17,181.00999450683594,191.0574951171875,123.95419311523438,274.58056640625,37.210933685302734,187.8800048828125,114.67822265625
2020-06-24,178.50999450683594,186.425048828125,122.01929473876953,273.3076171875,35.63324737548828,183.3000030517578,109.68153381347656
2020-07-01,181.14999389648438,187.4191131591797,123.94549560546875,274.8828125,34.453975677490234,178.8800048828125,111.76676940917969
2020-07-08,189.7100067138672,186.57955932617188,128.34454345703125,285.8818359375,35.115325927734375,179.9600067138672,116.71428680419922
2020-07-15,192.27000427246094,189.61952209472656,129.92367553710938,282.7220153808594,35.577476501464844,178.6300048828125,116.6749496459961
2020-07-22,194.1199951171875,189.87045288085938,127.39878845214844,277.9220886230469,34.700984954833984,170.83999633789062,114.27495574951172
2020-07-29,200.24000549316406,185.5758056640625,127.73719024658203,282.15679931640625,34.63724136352539,165.07000732421875,115.36675262451172
2020-08-05,212.66000366210938,190.864501953125,127.5202407836914,292.3960266113281,35.83245086669922,180.1300048828125,128.35031127929688
2020-08-12,208.3300018310547,192.06117248535156,130.2273406982422,293.5635681152344,33.80855941772461,170.22999572753906,126.80604553222656
2020-08-19,213.35000610351562,201.13739013671875,131.9366455078125,289.3103332519531,33.216121673583984,174.72999572753906,127.66178131103516
2020-08-26,218.5500030517578,206.21176147460938,132.3431396484375,289.87554931640625,32.03794479370117,172.10000610351562,131.36013793945312
2020-09-02,217.8000030517578,193.4243621826172,128.6222686767578,284.70501708984375,31.022296905517578,161.0800018310547,131.9994659423828
2020-09-09,218.94000244140625,198.51805114746094,130.04595947265625,284.68646240234375,29.47036361694336,163.49000549316406,129.0880126953125
2020-09-16,214.16000366210938,193.84967041015625,125.95831298828125,273.79180908203125,28.869089126586914,156.8000030517578,125.12409210205078
2020-09-23,210.44000244140625,192.7671661376953,128.4475860595703,282.993896484375,27.853431701660156,163.60000610351562,123.3437728881836
2020-09-30,210.25999450683594,193.74334716796875,127.74886322021484,292.5773620605469,27.13028335571289,159.5399932861328,118.94706726074219
2020-10-07,212.30999755859375,197.48390197753906,129.58306884765625,308.36700439453125,27.804683685302734,162.13999938964844,126.84539794921875
2020-10-14,210.05999755859375,191.08535766601562,126.25526428222656,300.9140930175781,27.382171630859375,167.24000549316406,122.90115356445312
2020-10-21,206.8800048828125,183.70095825195312,125.03246307373047,298.2158508300781,26.667146682739258,155.24000549316406,121.28803253173828
2020-10-28,206.6300048828125,182.0385284423828,120.97098541259766,298.9974365234375,27.146530151367188,153.64999389648438,121.98639678955078
2020-11-04,228.47999572753906,206.173095703125,129.51319885253906,329.08795166015625,29.949756622314453,188.69000244140625,139.77976989746094
2020-11-11,233.16000366210938,203.6600799560547,130.4477996826172,327.60845947265625,32.17849349975586,210.0500030517578,142.13058471679688
2020-11-18,233.9199981689453,202.9698944091797,125.66131591796875,312.63763427734375,34.9328498840332,218.49000549316406,149.0059814453125
2020-11-25,229.67999267578125,204.44126892089844,129.68316650390625,317.4573059082031,32.03703689575195,213.00999450683594,146.9895782470703
2020-12-02,228.19000244140625,205.9609832763672,133.2891082763672,323.66339111328125,35.14920425415039,236.57000732421875,151.19940185546875
2020-12-09,224.3800048828125,201.692138671875,132.4272003173828,317.1802062988281,35.814903259277344,229.5,171.0878448486328
2020-12-16,221.8800048828125,199.2527618408203,134.31814575195312,312.82867431640625,34.317073822021484,218.77999877929688,167.65505981445312
2020-12-23,229.57000732421875,207.50985717773438,135.5670166015625,324.3516845703125,34.342037200927734,216.25,174.3927459716797
2020-12-30,227.47000122070312,207.64535522460938,139.26095581054688,321.9704895019531,36.19767379760742,211.6300048828125,175.51405334472656
2021-01-06,233.02999877929688,202.17611694335938,139.0762481689453,333.708251953125,39.842411041259766,208.41000366210938,173.104248046875
2021-01-13,234.5500030517578,195.20654296875,143.1659393310547,328.8712158203125,40.64126205444336,210.7100067138672,169.43539428710938
2021-01-20,231.57000732421875,195.5453338623047,149.9381561279297,320.3923645019531,38.169830322265625,202.05999755859375,166.7796630859375
2021-01-27,232.24000549316406,196.12611389160156,141.82034301757812,316.2930603027344,37.97012710571289,200.94000244140625,174.05833435058594
2021-02-03,239.91000366210938,199.91104125976562,146.23544311523438,307.8048400878906,42.13078308105469,215.1199951171875,185.1238555908203
2021-02-10,245.27999877929688,201.24684143066406,145.1800994873047,303.1266174316406,44.03947830200195,217.17999267578125,183.29437255859375
2021-02-17,245.52999877929688,205.64093017578125,141.10792541503906,307.69287109375,46.58672332763672,212.1199951171875,193.85824584960938
2021-02-24,249.22000122070312,209.1892547607422,140.73117065429688,312.4831848144531,47.44991683959961,223.13999938964844,190.75990295410156
2021-03-03,259.0199890136719,213.6392822265625,139.56295776367188,328.6750793457031,50.71649169921875,230.61000061035156,191.32054138183594
2021-03-10,251.5,217.84693908691406,142.81089782714844,331.12164306640625,50.02255630493164,255.2100067138672,191.05499267578125
2021-03-17,248.30999755859375,201.80165100097656,141.90821838378906,345.3237609863281,46.73059844970703,241.25,185.63531494140625
2021-03-24,258.19000244140625,205.43728637695312,146.03224182128906,350.0655517578125,47.974605560302734,252.00999450683594,182.48779296875
2021-03-31,263.05999755859375,211.98141479492188,144.5985565185547,341.4535827636719,47.67841720581055,255.1699981689453,186.61892700195312
2021-04-07,267.1000061035156,214.27915954589844,141.13824462890625,350.9465026855469,47.145267486572266,253.27000427246094,182.44847106933594
2021-04-14,267.8900146484375,216.47021484375,147.3331756591797,371.59088134765625,46.78983688354492,234.05999755859375,179.79270935058594
2021-04-21,273.6499938964844,222.89801025390625,144.41273498535156,369.68853759765625,47.737648010253906,242.47000122070312,181.6123809814453
2021-04-28,280.260009765625,224.95335388183594,148.4748077392578,385.46942138671875,50.09025192260742,233.6300048828125,181.22879028320312
2021-05-05,285.6300048828125,218.6031036376953,149.45718383789062,385.8067321777344,51.275020599365234,228.8800048828125,178.69110107421875
2021-05-12,287.5899963378906,218.69039916992188,150.8466033935547,384.56982421875,51.13962173461914,227.5500030517578,166.89768981933594
2021-05-19,287.20001220703125,222.35768127441406,150.51914978027344,387.0718688964844,50.021480560302734,240.74000549316406,173.2812957763672
2021-05-26,289.8399963378906,220.03721618652344,147.4064178466797,381.1400146484375,51.9103889465332,254.72999572753906,175.90748596191406
2021-06-02,289.19000244140625,225.29953002929688,145.5006866455078,376.4732666015625,53.3442268371582,252.75999450683594,173.43865966796875
2021-06-09,283.94000244140625,226.20248413085938,146.48028564453125,375.1050109863281,55.233123779296875,246.5399932861328,172.9763641357422
2021-06-16,276.9200134277344,229.066650390625,145.70553588867188,373.614990234375,54.76948547363281,243.77999877929688,170.6550750732422
2021-06-23,276.2099914550781,229.0860595703125,146.0706329345703,374.428466796875,53.76493835449219,235.75999450683594,171.0780029296875
2021-06-30,277.32000732421875,232.62986755371094,149.5792694091797,385.8653869628906,52.691707611083984,236.13999938964844,170.84194946289062
2021-07-07,279.2099914550781,235.29994201660156,150.73690795898438,393.653076171875,52.27099609375,228.1999969482422,180.6386260986328
2021-07-14,276.8900146484375,235.63970947265625,150.00669860839844,388.4143371582031,48.04673385620117,217.14999389648438,173.85177612304688
2021-07-21,280.7799987792969,243.63026428222656,153.75576782226562,390.417724609375,49.65229034423828,222.27000427246094,176.55667114257812
2021-07-28,281.79998779296875,230.19293212890625,155.2963409423828,396.81329345703125,49.969970703125,229.08999633789062,170.15341186523438
2021-08-04,288.94000244140625,231.1444091796875,154.7442169189453,387.2950134277344,49.952796936035156,235.77999877929688,174.16653442382812
2021-08-11,289.1000061035156,227.70738220214844,159.82015991210938,396.7004089355469,47.70329284667969,222.22000122070312,172.94686889648438
2021-08-18,286.0199890136719,227.73585510253906,156.18682861328125,398.2335205078125,48.25099182128906,221.42999267578125,175.54356384277344
2021-08-25,285.7699890136719,222.7385711669922,155.09048461914062,391.5180358886719,47.518863677978516,219.5,178.32716369628906
2021-09-01,278.8999938964844,219.98716735839844,154.36485290527344,396.19256591796875,47.545013427734375,214.24000549316406,181.31732177734375
2021-09-08,277.20001220703125,216.8370819091797,147.62840270996094,388.0098571777344,47.571163177490234,211.57000732421875,179.40911865234375
2021-09-15,273.17999267578125,214.05653381347656,147.38653564453125,389.1829833984375,46.75186538696289,208.50999450683594,168.36326599121094
2021-09-22,276.7900085449219,219.296875,145.8457489013672,376.23358154296875,52.22542953491211,218.41000366210938,171.6583251953125
2021-09-29,278.04998779296875,218.05242919921875,142.95230102539062,371.3350524902344,53.707122802734375,224.4199981689453,171.74685668945312
2021-10-06,278.6199951171875,217.8287811279297,141.25926208496094,380.5941162109375,53.37590789794922,223.57000732421875,170.29112243652344
2021-10-13,284.8299865722656,227.03582763671875,146.79530334472656,400.546875,55.345706939697266,215.97000122070312,168.37307739257812
2021-10-20,290.8500061035156,225.38304138183594,148.47943115234375,429.10748291015625,57.38520812988281,209.80999755859375,169.218994140625
2021-10-27,287.92999267578125,203.3328094482422,148.33609008789062,426.65350341796875,56.49620056152344,212.77000427246094,167.0452423095703
2021-11-03,286.3500061035156,207.46475219726562,145.5770263671875,438.2720947265625,57.83843994140625,220.7899932861328,172.2386474609375
2021-11-10,283.3599853515625,209.205078125,145.72032165527344,424.369384765625,56.67050552368164,225.8000030517578,156.22561645507812
2021-11-17,288.55999755859375,193.3182373046875,143.9466552734375,422.01922607421875,55.7626838684082,209.1300048828125,148.5535125732422
2021-11-24,276.69000244140625,188.7212371826172,140.59756469726562,419.272705078125,52.85662841796875,197.85000610351562,142.52401733398438
2021-12-01,284.9700012207031,201.9668731689453,147.2969970703125,438.6308288574219,55.003047943115234,208.8300018310547,148.3371124267578
2021-12-08,295.0299987792969,204.50885009765625,153.54554748535156,454.009521484375,54.35823440551758,195.5,146.65516662597656
2021-12-15,293.239990234375,209.7681884765625,150.76841735839844,461.34814453125,53.43960952758789,199.52000427246094,148.57318115234375
2021-12-22,298.2900085449219,212.3686065673828,153.5996551513672,476.2431640625,54.4907341003418,206.1300048828125,152.65512084960938
2021-12-29,308.5299987792969,216.6636962890625,154.2578887939453,464.8423156738281,58.235923767089844,213.6300048828125,153.1764373779297
2022-01-05,319.79998779296875,208.79421997070312,154.41114807128906,444.104736328125,63.023406982421875,216.02000427246094,155.301025390625
2022-01-12,320.2900085449219,210.08958435058594,150.66921997070312,436.5199890136719,64.551513671875,225.00999450683594,149.77317810058594
2022-01-19,307.19000244140625,196.73678588867188,151.1470947265625,432.5903015136719,66.18563079833984,204.10000610351562,134.27157592773438
2022-01-26,313.9599914550781,226.3057403564453,154.07754516601562,443.5461120605469,71.39707946777344,208.33999633789062,142.12075805664062
2022-02-02,321.44000244140625,222.00091552734375,154.6455841064453,467.21905517578125,70.89361572265625,213.27000427246094,140.14370727539062
2022-02-09,316.20001220703125,221.88404846191406,150.8585662841797,452.8448181152344,68.88851165771484,217.72999572753906,152.18301391601562
2022-02-16,314.1600036621094,215.9040985107422,145.2952423095703,437.959228515625,68.28577423095703,198.74000549316406,145.66171264648438
2022-02-23,316.8399963378906,203.8563232421875,148.82325744628906,450.969970703125,70.70603942871094,194.91000366210938,143.31089782714844
2022-03-02,318.5199890136719,187.01869201660156,153.1064910888672,448.328125,78.39558410644531,173.8000030517578,129.5896453857422
2022-03-09,332.54998779296875,201.09559631347656,159.83985900878906,471.4801940917969,68.96451568603516,179.88999938964844,131.9994659423828
2022-03-16,349.92999267578125,213.12380981445312,158.80532836914062,479.9128112792969,73.09060668945312,191.0399932861328,137.8125457763672
2022-03-23,355.1199951171875,222.53770446777344,161.29177856445312,485.0507507324219,73.56395721435547,193.8000030517578,140.04534912109375
2022-03-30,344.79998779296875,220.5573272705078,161.1737823486328,491.7273864746094,73.88545989990234,182.64999389648438,133.3961944580078
2022-04-06,349.739990234375,206.22683715820312,163.2518768310547,506.87554931640625,76.4486312866211,176.27999877929688,128.69454956054688
2022-04-13,348.5,210.42161560058594,166.1376190185547,510.6647644042969,78.37771606445312,185.97999572753906,129.73716735839844
2022-04-20,330.6499938964844,196.1789093017578,167.58953857421875,487.94757080078125,73.49249267578125,167.0399932861328,113.87167358398438
2022-04-27,318.989990234375,203.45632934570312,161.7908477783203,474.49945068359375,78.7617416381836,153.5800018310547,111.68807983398438
2022-05-04,312.5299987792969,188.84292602539062,160.70188903808594,463.47320556640625,75.9306411743164,132.9499969482422,105.91433715820312
2022-05-11,314.6000061035156,199.00790405273438,162.2718048095703,467.765869140625,82.26265716552734,132.0500030517578,106.85858917236328
2022-05-18,309.1700134277344,198.0489959716797,164.61306762695312,472.5430603027344,85.17143249511719,119.4000015258789,99.92418670654297
2022-05-25,315.9800109863281,207.37330627441406,163.9630126953125,471.80224609375,86.61500549316406,131.39999389648438,108.62907409667969
2022-06-01,313.6499938964844,209.65061950683594,162.87615966796875,472.1061096191406,93.26451110839844,140.82000732421875,106.02252197265625
2022-06-08,277.6400146484375,189.14491271972656,153.60629272460938,438.5335388183594,86.70523071289062,122.16000366210938,92.675048828125
2022-06-15,271.7699890136719,189.99526977539062,158.00831604003906,456.1697998046875,82.53689575195312,136.75,91.76029968261719
2022-06-22,273.8599853515625,193.6409454345703,161.59759521484375,484.5980529785156,82.554931640625,138.6999969482422,94.34716033935547
2022-06-29,275.69000244140625,196.00624084472656,162.69354248046875,481.5480041503906,76.51895141601562,137.6999969482422,95.58650207519531
2022-07-06,277.2799987792969,200.18948364257812,160.6020965576172,490.2975769042969,76.23925018310547,147.14999389648438,92.06520080566406
2022-07-13,283.54998779296875,208.82962036132812,156.80279541015625,508.43524169921875,79.64070129394531,156.1300048828125,97.9766616821289
2022-07-20,285.30999755859375,207.68609619140625,158.62022399902344,506.6625061035156,80.86774444580078,155.9199981689453,98.14386749267578
2022-07-27,292.1700134277344,201.59689331054688,157.9261474609375,510.35101318359375,84.87368774414062,163.27999877929688,102.99303436279297
2022-08-03,292.7699890136719,205.50648498535156,155.42372131347656,512.0665283203125,81.73387908935547,164.85000610351562,106.35694885253906
2022-08-10,306.6499938964844,212.23094177246094,153.04005432128906,520.5109252929688,82.51884460449219,172.0800018310547,122.91098022460938
2022-08-17,289.6499938964844,202.48272705078125,151.7249298095703,510.675048828125,89.27860260009766,160.07000732421875,112.97660064697266
2022-08-24,285.4200134277344,197.1758575439453,149.34246826171875,498.3227844238281,87.73900604248047,162.2100067138672,110.5864486694336
2022-08-31,276.5899963378906,194.49307250976562,150.03207397460938,493.4046630859375,86.50003051757812,152.38999938964844,108.28480529785156
2022-09-07,278.2900085449219,195.50157165527344,148.33111572265625,489.8591613769531,86.84620666503906,147.30999755859375,109.92743682861328
2022-09-14,277.1300048828125,188.06021118164062,151.67782592773438,499.8481140136719,84.2134017944336,145.94000244140625,105.8061294555664
2022-09-21,265.4700012207031,174.15667724609375,151.65025329589844,486.05157470703125,78.10966491699219,127.51000213623047,94.27831268310547
2022-09-28,280.489990234375,181.7742462158203,152.2754364013672,500.2018737792969,86.79154968261719,133.50999450683594,99.77664947509766
2022-10-05,267.30999755859375,175.40016174316406,149.61830139160156,477.8674621582031,89.27860260009766,131.57000732421875,91.57340240478516
2022-10-12,281.6700134277344,183.2624969482422,152.634033203125,499.2839660644531,91.82942199707031,137.33999633789062,96.86518859863281
2022-10-19,289.239990234375,190.32199096679688,156.95530700683594,516.5033569335938,96.45730590820312,146.64999389648438,102.64876556396484
2022-10-26,294.1300048828125,202.61000061035156,159.1435546875,523.2821655273438,101.95069122314453,143.3800048828125,104.26188659667969
2022-11-02,292.6099853515625,197.56752014160156,159.8331298828125,528.77001953125,103.85469055175781,169.6199951171875,98.26190185546875
2022-11-09,309.9800109863281,205.60610961914062,158.49998474121094,480.9269714355469,103.97311401367188,175.35000610351562,93.94389343261719
2022-11-16,315.760009765625,206.39932250976562,162.57302856445312,500.12542724609375,104.8560562133789,172.5,94.63240814208984
2022-11-23,315.1300048828125,205.15306091308594,162.94683837890625,504.8197937011719,101.51329803466797,175.32000732421875,93.1373291015625
2022-11-30,307.7799987792969,205.17266845703125,162.95611572265625,515.6427612304688,95.39716339111328,178.42999267578125,90.77668762207031
2022-12-07,312.3299865722656,209.05865478515625,165.833984375,516.1773681640625,98.49195861816406,187.1300048828125,93.14717102050781
2022-12-14,302.0,201.52220153808594,162.55819702148438,498.90509033203125,97.97769927978516,188.2899932861328,85.59309387207031
2022-12-21,305.54998779296875,202.43482971191406,164.1868133544922,510.20257568359375,101.19188690185547,189.39999389648438,84.95376586914062
2022-12-28,309.9100036621094,203.51425170898438,164.89010620117188,497.3993225097656,97.81238555908203,195.38999938964844,87.51112365722656
2023-01-04,316.3500061035156,216.95823669433594,162.08624267578125,466.0960998535156,101.10003662109375,206.69000244140625,93.9930648803711
2023-01-11,314.8599853515625,218.83255004882812,159.49526977539062,465.2137451171875,103.70812225341797,211.41000366210938,98.27174377441406
2023-01-18,311.29998779296875,219.70591735839844,155.74754333496094,471.4667663574219,104.5162582397461,211.97999572753906,104.26188659667969
2023-01-25,311.5199890136719,225.90780639648438,151.22251892089844,478.74591064453125,106.5365982055664,213.0,106.71104431152344
2023-02-01,312.9700012207031,226.9970703125,151.2040252685547,457.3495788574219,105.53562927246094,214.75999450683594,109.79955291748047
2023-02-08,310.7900085449219,225.10311889648438,149.94552612304688,472.64642333984375,106.91312408447266,218.4499969482422,105.89466857910156
2023-02-15,302.7200012207031,216.92105102539062,146.20706176757812,471.1886291503906,102.87744140625,205.52000427246094,100.4159927368164
2023-02-22,305.17999267578125,216.25245666503906,142.84088134765625,456.4481201171875,101.71142578125,201.5500030517578,97.9766616821289
2023-03-01,311.1199951171875,219.4282989501953,143.61444091796875,454.47247314453125,103.28461456298828,207.9199981689453,97.4356689453125
2023-03-08,305.3299865722656,214.99392700195312,143.4560089111328,445.5533142089844,98.96296691894531,207.27999877929688,91.82914733886719
2023-03-15,303.8500061035156,218.228759765625,143.42803955078125,462.0776672363281,99.05550384521484,204.6999969482422,94.9570083618164
2023-03-22,302.32000732421875,216.63592529296875,141.49879455566406,454.8399658203125,99.1295394897461,204.9600067138672,93.26520538330078
2023-03-29,309.07000732421875,223.84303283691406,147.71534729003906,474.7340393066406,106.44024658203125,213.89999389648438,97.93730926513672
2023-04-05,313.70001220703125,224.61976623535156,153.1024169921875,501.4134216308594,106.74563598632812,212.32000732421875,98.77337646484375
2023-04-12,324.6300048828125,229.68344116210938,150.06402587890625,485.54254150390625,108.21703338623047,208.3699951171875,99.27501678466797
2023-04-19,324.3399963378906,225.74066162109375,153.9505157470703,473.4539794921875,107.8283462524414,202.19000244140625,96.40290069580078
2023-04-26,325.8599853515625,223.17442321777344,153.8107147216797,474.8687438964844,101.88725280761719,203.25,98.95043182373047
2023-05-03,324.8699951171875,229.34912109375,150.10128784179688,471.9718322753906,100.99886322021484,201.8800048828125,100.50452423095703
2023-05-10,323.75,226.60592651367188,148.50753784179688,461.7119445800781,94.87266540527344,200.8699951171875,89.48817443847656
2023-05-17,323.1099853515625,221.24514770507812,146.1495361328125,461.44244384765625,99.3176498413086,202.60000610351562,88.3471908569336
2023-05-24,322.19000244140625,218.34881591796875,144.96096801757812,461.8370361328125,97.11473846435547,204.69000244140625,86.3799819946289
2023-05-31,333.4100036621094,224.83111572265625,148.5387420654297,469.26727294921875,99.08428955078125,207.2899932861328,90.64881896972656
2023-06-07,336.3900146484375,220.08267211914062,150.94271850585938,472.86688232421875,99.35498809814453,220.3800048828125,92.31110382080078
2023-06-14,338.6700134277344,223.1071014404297,154.1260986328125,451.76971435546875,95.88260650634766,212.3699951171875,88.27833557128906
2023-06-21,335.3399963378906,223.96417236328125,153.3372802734375,466.35186767578125,97.5907974243164,209.42999267578125,87.59964752197266
2023-06-28,342.0,234.4363555908203,153.3936309814453,461.8290710449219,100.30709075927734,210.9199981689453,89.01603698730469
2023-07-05,343.3699951171875,236.97801208496094,148.96131896972656,447.3425598144531,98.91626739501953,218.75999450683594,88.0226058959961
2023-07-12,345.3399963378906,237.19473266601562,149.36509704589844,483.20611572265625,94.2024154663086,211.57000732421875,84.54064178466797
2023-07-19,347.5799865722656,235.14561462402344,161.88262939453125,493.7689514160156,98.64557647705078,214.1199951171875,84.22589874267578
2023-07-26,352.260009765625,236.21945190429688,158.59596252441406,487.7869567871094,99.52300262451172,238.00999450683594,87.57014465332031
2023-08-02,363.7300109863281,235.7367401123047,162.62445068359375,488.8692932128906,100.55912780761719,238.0399932861328,86.68489837646484
2023-08-09,354.5,236.26869201660156,162.39910888671875,489.6714172363281,100.96050262451172,232.25999450683594,85.63243865966797
2023-08-16,350.57000732421875,237.44338989257812,155.90089416503906,475.8033752441406,101.73165130615234,230.07000732421875,84.3832778930664
2023-08-23,358.2900085449219,242.15138244628906,154.2951202392578,476.27691650390625,103.34091186523438,227.25,83.01605987548828
2023-08-30,360.4700012207031,242.15138244628906,151.98187255859375,464.6606750488281,106.84175109863281,222.57000732421875,79.85870361328125
2023-09-06,367.7799987792969,244.0858917236328,154.7248992919922,463.7812194824219,110.56847381591797,210.64999389648438,82.30786895751953
2023-09-13,370.4800109863281,240.39450073242188,153.4196014404297,466.3240051269531,110.41788482666016,204.47999572753906,80.59640502929688
2023-09-20,359.4200134277344,226.66529846191406,150.4117431640625,490.3746643066406,109.5521011352539,195.63999938964844,78.73739624023438
2023-09-27,343.0400085449219,225.8362274169922,146.93093872070312,494.2747802734375,109.00626373291016,188.9199981689453,78.23575592041016
2023-10-04,348.55999755859375,233.5249786376953,149.78746032714844,508.6042175292969,103.9432144165039,193.52999877929688,83.59638214111328
2023-10-11,345.3900146484375,238.065185546875,147.64035034179688,520.64404296875,104.82783508300781,185.60000610351562,84.78655242919922
2023-10-18,338.6300048828125,231.6002960205078,143.04344177246094,509.341552734375,102.00456237792969,182.36000061035156,81.20623779296875
2023-10-25,341.3299865722656,232.0444793701172,140.3098602294922,519.5866088867188,99.61419677734375,186.82000732421875,80.25212860107422
2023-11-01,346.1700134277344,241.5887908935547,142.7312774658203,521.7888793945312,98.07081604003906,191.41000366210938,83.20294189453125
2023-11-08,354.25,243.73057556152344,139.66668701171875,524.3404541015625,98.14610290527344,207.47000122070312,89.57669067382812
2023-11-15,361.0,249.48182678222656,142.9393768310547,523.4963989257812,99.20502471923828,218.27000427246094,92.9012680053711
2023-11-22,360.04998779296875,250.18409729003906,144.57032775878906,524.408447265625,98.67320251464844,222.3699951171875,90.98324584960938
2023-11-29,355.0299987792969,251.83590698242188,151.1681365966797,533.8482055664062,95.38726043701172,234.16000366210938,89.3012924194336
2023-12-06,360.0199890136719,256.7319641113281,147.8501739501953,531.249755859375,93.11749267578125,248.6300048828125,89.57669067382812
2023-12-13,361.79998779296875,257.15728759765625,149.17543029785156,510.1445007324219,97.80897521972656,263.510009765625,92.69090270996094
2023-12-20,356.8299865722656,256.3363342285156,148.87033081054688,506.2409973144531,97.00174713134766,262.7900085449219,89.75021362304688
2023-12-27,356.6600036621094,257.5133361816406,149.4423828125,512.5101318359375,94.95040130615234,260.6600036621094,89.09892272949219
