Date,WBD,PARA,APA,WBA,PCG,VTRS,BIIB
2014-01-01,44.425140380859375,50.812015533447266,67.37987518310547,38.42402267456055,34.96293640136719,35.94365310668945,273.5199890136719
2014-01-08,42.227901458740234,48.62334060668945,65.6858139038086,40.087650299072266,35.21635437011719,38.65322494506836,297.4700012207031
2014-01-15,41.185489654541016,47.861724853515625,64.76592254638672,39.2391471862793,36.06399154663086,38.845577239990234,310.5
2014-01-22,39.836483001708984,47.06002426147461,62.9962158203125,38.09664535522461,35.83678436279297,37.382080078125,305.6499938964844
2014-01-29,39.87225341796875,46.394622802734375,60.314720153808594,37.38174819946289,36.07272720336914,36.503971099853516,308.17999267578125
2014-02-05,42.29432678222656,48.82377243041992,62.527523040771484,42.893798828125,37.08639144897461,38.0427360534668,319.82000732421875
2014-02-12,41.047523498535156,53.14495849609375,64.01808166503906,43.12095642089844,38.01267623901367,40.3927001953125,334.9800109863281
2014-02-19,41.73735427856445,52.72005844116211,63.84137725830078,44.947566986083984,38.2661018371582,42.92665481567383,346.29998779296875
2014-02-26,42.90751266479492,54.050880432128906,61.83603286743164,46.384281158447266,38.3709602355957,47.83566665649414,343.1499938964844
2014-03-05,43.254981994628906,52.984622955322266,61.1214599609375,44.658878326416016,37.58448791503906,45.151180267333984,335.989990234375
2014-03-12,42.76954650878906,53.2475700378418,61.497928619384766,45.115413665771484,38.89527893066406,45.0759162902832,351.94000244140625
2014-03-19,42.42207336425781,50.70967483520508,62.95012664794922,44.59175491333008,39.07004928588867,42.40815734863281,311.7799987792969
2014-03-26,42.82575225830078,50.74982452392578,64.35616302490234,44.19565200805664,37.02521514892578,41.23735427856445,309.7900085449219
2014-04-02,41.093509674072266,48.57334899902344,65.44719696044922,42.846214294433594,39.387386322021484,39.84074783325195,285.9200134277344
2014-04-09,39.24374008178711,47.521244049072266,64.02581787109375,44.31650161743164,39.970115661621094,38.661590576171875,285.489990234375
2014-04-16,39.6320915222168,48.00312423706055,66.23092651367188,45.23626708984375,39.45802688598633,41.68894958496094,306.20001220703125
2014-04-23,38.68165588378906,46.13986587524414,67.6843490600586,45.19597244262695,40.04075241088867,42.55033493041992,290.8399963378906
2014-04-30,38.175777435302734,45.60979080200195,66.5977554321289,46.1761589050293,39.12251663208008,40.543235778808594,285.94000244140625
2014-05-07,37.19979476928711,45.7784538269043,69.37203216552734,46.706546783447266,38.14246368408203,39.78221130371094,295.8500061035156
2014-05-14,37.67501449584961,45.850738525390625,69.14856719970703,46.24330520629883,38.522117614746094,38.62812805175781,289.7900085449219
2014-05-21,40.1124153137207,48.55727767944336,69.63404083251953,47.376556396484375,39.5374870300293,40.4930534362793,309.7699890136719
2014-05-28,39.770057678222656,47.88265609741211,70.89785766601562,48.266883850097656,40.29679870605469,41.73076629638672,316.8599853515625
2014-06-04,41.06285095214844,49.095394134521484,73.24830627441406,50.41178894042969,40.76475143432617,41.16209030151367,315.44000244140625
2014-06-11,39.417476654052734,48.37215042114258,75.52165985107422,49.30561065673828,41.39163589477539,42.39979553222656,304.7900085449219
2014-06-18,37.98671340942383,47.350154876708984,76.17667388916016,48.88743591308594,42.14211654663086,43.13573455810547,314.2300109863281
2014-06-25,38.42105484008789,50.633453369140625,77.4559326171875,49.76426315307617,41.70065689086914,43.394981384277344,324.739990234375
2014-07-02,38.758304595947266,51.01167678833008,75.87614440917969,47.97012710571289,41.738460540771484,42.04018783569336,317.5899963378906
2014-07-09,40.13285446166992,47.88129425048828,75.47542572021484,48.28712463378906,42.15745544433594,43.62914276123047,312.0
2014-07-16,42.774654388427734,47.80080795288086,79.46728515625,49.143741607666016,42.04157257080078,43.537139892578125,303.6700134277344
2014-07-23,42.3760871887207,46.255733489990234,78.27801513671875,47.322601318359375,41.54234313964844,42.14890670776367,341.7300109863281
2014-07-30,43.05058670043945,45.861412048339844,76.77916717529297,46.621124267578125,38.98382568359375,40.53487014770508,325.2300109863281
2014-08-06,42.31999969482422,47.406490325927734,76.07613372802734,41.926639556884766,39.15320587158203,37.60786437988281,324.9599914550781
2014-08-13,44.43000030517578,48.879150390625,76.69418334960938,41.91989517211914,40.77568435668945,39.338985443115234,345.8399963378906
2014-08-20,44.09000015258789,48.29973602294922,78.45569610595703,41.32202911376953,40.48149871826172,40.3927001953125,342.989990234375
2014-08-27,44.0099983215332,47.34211349487305,77.38178253173828,40.69809341430664,42.15745544433594,40.71049118041992,342.67999267578125
2014-09-03,40.90999984741211,46.56153869628906,75.02542114257812,42.46138381958008,41.8989372253418,39.698585510253906,326.8299865722656
2014-09-10,39.459999084472656,45.90492248535156,75.57396697998047,43.159915924072266,40.9718132019043,40.108360290527344,326.8800048828125
2014-09-17,38.220001220703125,44.396270751953125,73.44161987304688,41.43730926513672,40.392356872558594,38.979373931884766,332.239990234375
2014-09-24,37.79999923706055,43.16191101074219,72.52226257324219,40.19623565673828,40.15166091918945,38.0427360534668,330.80999755859375
2014-10-01,36.20000076293945,42.08084487915039,65.05911254882812,40.58279800415039,39.97032928466797,41.93147659301758,315.9200134277344
2014-10-08,34.310001373291016,40.28177261352539,57.480106353759766,41.15925979614258,41.3212776184082,39.155006408691406,301.5799865722656
2014-10-15,36.2400016784668,43.758914947509766,58.35309982299805,41.74250411987305,40.970035552978516,43.52878189086914,326.7699890136719
2014-10-22,37.2400016784668,43.62177276611328,58.3292236328125,43.20060348510742,42.79833221435547,43.244441986083984,318.0299987792969
2014-10-29,33.310001373291016,41.943702697753906,57.53072738647461,44.245018005371094,45.644351959228516,44.95048141479492,322.05999755859375
2014-11-05,31.989999771118164,41.82268524169922,58.46100997924805,45.7777214050293,45.52727127075195,44.7497673034668,324.5899963378906
2014-11-12,33.36000061035156,42.38740921020508,55.871707916259766,46.15751266479492,45.41017532348633,47.03282928466797,305.55999755859375
2014-11-19,34.810001373291016,44.089698791503906,56.87178421020508,46.219608306884766,44.38344955444336,46.97429275512695,305.3999938964844
2014-11-26,34.91999816894531,43.81539535522461,48.92552947998047,45.49711608886719,46.409889221191406,48.36252975463867,328.2699890136719
2014-12-03,34.63999938964844,42.33901596069336,45.61524963378906,46.751251220703125,46.689083099365234,47.32552719116211,347.6099853515625
2014-12-10,33.189998626708984,42.15847396850586,43.9639892578125,49.34136962890625,46.779144287109375,44.79158401489258,325.1300048828125
2014-12-17,35.08000183105469,45.16805648803711,50.724098205566406,52.149566650390625,47.97699737548828,47.31717300415039,335.760009765625
2014-12-24,35.220001220703125,45.16805648803711,48.817012786865234,51.836036682128906,48.88664245605469,47.61822509765625,342.19000244140625
2014-12-31,31.979999542236328,43.03221893310547,45.940853118896484,50.90906524658203,49.186519622802734,45.31007766723633,334.6499938964844
2015-01-07,31.209999084472656,44.98199462890625,45.320655822753906,51.29757308959961,51.32071304321289,46.39725112915039,352.739990234375
2015-01-14,29.25,44.876800537109375,46.638580322265625,51.836036682128906,52.94634246826172,46.10455322265625,363.2799987792969
2015-01-21,30.049999237060547,46.17931365966797,50.27480697631836,51.07264709472656,53.95440673828125,47.083011627197266,357.8900146484375
2015-01-28,29.56999969482422,46.049896240234375,52.97574234008789,50.97720718383789,53.445838928222656,45.65296173095703,393.8900146484375
2015-02-04,30.84000015258789,46.114620208740234,51.5669059753418,52.27225875854492,51.593162536621094,45.13446044921875,395.1300048828125
2015-02-11,30.799999237060547,48.70351791381836,51.98722839355469,53.1651611328125,49.39540100097656,47.275360107421875,397.9100036621094
2015-02-18,33.0,48.05628204345703,52.08061599731445,55.026817321777344,50.085609436035156,47.852394104003906,404.8900146484375
2015-02-25,33.9900016784668,50.806976318359375,51.93273162841797,56.95707321166992,48.777835845947266,46.363800048828125,412.7900085449219
2015-03-04,32.369998931884766,48.08055877685547,46.818851470947266,56.62168502807617,47.0159912109375,46.25509262084961,414.20001220703125
2015-03-11,32.11000061035156,50.097721099853516,45.993770599365234,59.04478454589844,48.17845153808594,52.45197677612305,426.1199951171875
2015-03-18,32.5099983215332,50.592445373535156,45.94708251953125,60.235836029052734,48.55079650878906,52.76139831542969,452.7099914550781
2015-03-25,30.760000228881836,49.17313003540039,46.958946228027344,57.963294982910156,48.19660949707031,49.63368225097656,422.239990234375
2015-04-01,32.91999816894531,49.375892639160156,50.9364128112793,59.742984771728516,48.99462890625,49.81766891479492,418.0899963378906
2015-04-08,32.939998626708984,49.87872314453125,54.33787536621094,62.960121154785156,47.91359329223633,57.386077880859375,423.57000732421875
2015-04-15,33.47999954223633,49.862525939941406,53.217037200927734,59.6129035949707,47.66624069213867,61.94384765625,422.1099853515625
2015-04-22,31.700000762939453,49.9598274230957,52.17253112792969,58.92159652709961,48.18842697143555,60.80647659301758,374.67999267578125
2015-04-29,32.59000015258789,50.097721099853516,53.07086181640625,56.90916442871094,47.95940017700195,60.957027435302734,385.79998779296875
2015-05-06,32.02000045776367,48.435089111328125,49.71194076538086,57.621028900146484,47.34560012817383,58.816131591796875,395.29998779296875
2015-05-13,33.33000183105469,49.22990417480469,48.56365966796875,58.75731658935547,48.56404495239258,59.66914749145508,395.1700134277344
2015-05-20,32.849998474121094,49.21367645263672,47.969993591308594,58.788902282714844,48.26171875,59.0001106262207,392.8800048828125
2015-05-27,33.95000076293945,50.00037384033203,46.556114196777344,59.32491683959961,48.46327590942383,60.4468879699707,387.6199951171875
2015-06-03,33.439998626708984,48.5405158996582,45.75154495239258,57.84058380126953,46.10881805419922,61.71804428100586,382.0
2015-06-10,32.88999938964844,46.90339660644531,46.126487731933594,59.015655517578125,45.90727615356445,60.254539489746094,388.2799987792969
2015-06-17,34.040000915527344,47.22859573364258,45.970272064208984,59.84713363647461,46.20960235595703,59.39316940307617,416.260009765625
2015-06-24,33.2599983215332,45.12287139892578,45.01727294921875,58.026126861572266,44.981990814208984,56.75048828125,403.94000244140625
2015-07-01,33.79999923706055,45.18791580200195,43.50967025756836,59.95711135864258,47.52505111694336,59.78621292114258,408.05999755859375
2015-07-08,34.0099983215332,45.04157257080078,42.486366271972656,64.82239532470703,47.155208587646484,59.7276725769043,400.20001220703125
2015-07-15,31.81999969482422,43.98462677001953,37.12772750854492,65.73638153076172,46.78535842895508,56.206912994384766,409.5
2015-07-22,31.309999465942383,42.887054443359375,36.47980499267578,66.12117004394531,48.33869934082031,47.12481689453125,319.92999267578125
2015-07-29,32.86000061035156,42.97648620605469,35.60057830810547,65.74324035644531,48.07057571411133,45.71985626220703,330.3800048828125
2015-08-05,28.739999771118164,40.88701248168945,37.43752670288086,63.874088287353516,48.66231918334961,47.777122497558594,314.8500061035156
2015-08-12,29.049999237060547,40.12276840209961,37.735836029052734,63.18006134033203,50.308128356933594,46.623050689697266,312.1300048828125
2015-08-19,25.81999969482422,35.17958068847656,30.53721046447754,55.880615234375,45.26898956298828,41.070106506347656,281.75
2015-08-26,26.280000686645508,35.60234832763672,33.85784912109375,59.357627868652344,44.27042007446289,40.38434600830078,292.5
2015-09-02,27.219999313354492,35.504791259765625,33.94419860839844,62.151668548583984,45.102561950683594,40.74394989013672,308.739990234375
2015-09-09,26.989999771118164,35.70274353027344,31.738298416137695,62.7242546081543,45.12105178833008,41.446434020996094,319.8599853515625
2015-09-16,27.809999465942383,34.74000930786133,30.325267791748047,59.81985855102539,47.57128143310547,39.0128288269043,299.05999755859375
2015-09-23,26.399999618530273,31.79469108581543,29.1398868560791,56.61189270019531,48.08906173706055,33.28425598144531,278.2300109863281
2015-09-30,27.209999084472656,33.728302001953125,36.205047607421875,58.01927185058594,49.532005310058594,35.83493423461914,275.989990234375
2015-10-07,28.829999923706055,34.54418182373047,35.00397491455078,58.73674011230469,49.18693542480469,34.639041900634766,256.0400085449219
2015-10-14,29.18000030517578,35.857757568359375,36.04804992675781,61.22032928466797,50.6698112487793,35.58405685424805,265.80999755859375
2015-10-21,28.780000686645508,36.306480407714844,34.84288024902344,65.64936828613281,50.427330017089844,36.87193298339844,290.6300048828125
2015-10-28,31.079999923706055,39.35786437988281,39.365966796875,60.868492126464844,50.0169677734375,38.94593048095703,299.1400146484375
2015-11-04,30.059999465942383,40.5898323059082,42.08141326904297,57.62602233886719,49.77449035644531,38.00091552734375,297.2200012207031
2015-11-11,30.100000381469727,41.4301872253418,39.23968505859375,57.239688873291016,48.63668441772461,42.3663444519043,279.489990234375
2015-11-18,30.950000762939453,41.23438262939453,40.18692398071289,57.46495056152344,49.00973129272461,42.14054489135742,289.1499938964844
2015-11-25,31.079999923706055,41.69126510620117,38.79762649536133,58.19943618774414,49.3641357421875,44.390159606933594,290.0400085449219
2015-12-02,29.43000030517578,40.663265228271484,35.41911697387695,57.97079086303711,49.168277740478516,42.86812210083008,288.4599914550781
2015-12-09,26.520000457763672,38.207481384277344,35.73487091064453,56.8967170715332,49.14963150024414,45.151180267333984,289.1099853515625
2015-12-16,26.8700008392334,38.142784118652344,33.76932144165039,59.59916687011719,49.625274658203125,45.318443298339844,300.7699890136719
2015-12-23,26.899999618530273,38.69923782348633,35.87696075439453,60.16044998168945,50.184852600097656,46.22999954223633,309.6700134277344
2015-12-30,26.469999313354492,37.74180221557617,34.361358642578125,56.0374755859375,49.86841583251953,45.23480987548828,296.70001220703125
2016-01-06,26.329999923706055,38.47830581665039,27.959545135498047,56.69579315185547,49.43575668334961,41.88966369628906,278.6700134277344
2016-01-13,25.790000915527344,37.1443977355957,27.21753692626953,55.91970443725586,49.830787658691406,41.99837875366211,269.8500061035156
2016-01-20,27.420000076293945,38.87928771972656,30.019813537597656,55.046600341796875,49.04072570800781,45.10100173950195,259.8699951171875
2016-01-27,26.399999618530273,38.15913772583008,30.65253448486328,54.048797607421875,53.30144500732422,42.50014877319336,266.05999755859375
2016-02-03,24.719999313354492,34.902164459228516,28.29098129272461,51.921470642089844,52.596031188964844,42.43324661254883,249.99000549316406
2016-02-10,25.559999465942383,36.759788513183594,29.79378318786621,53.04403305053711,52.43614196777344,36.08582305908203,256.5199890136719
2016-02-17,25.190000534057617,38.429195404052734,30.119802474975586,54.810611724853516,53.818763732910156,39.06300354003906,258.989990234375
2016-02-24,26.43000030517578,41.12154769897461,30.708200454711914,55.93842697143555,52.86878967285156,38.5194206237793,270.8999938964844
2016-03-02,27.18000030517578,41.88258743286133,36.711483001708984,55.96628189086914,53.55540084838867,37.423885345458984,261.2799987792969
2016-03-09,27.65999984741211,43.03644561767578,38.110931396484375,56.61373519897461,54.06330871582031,38.40233612060547,250.3300018310547
2016-03-16,28.8700008392334,44.205284118652344,39.9715576171875,57.644081115722656,55.0885124206543,38.64486312866211,259.4200134277344
2016-03-23,28.239999771118164,45.05887222290039,38.61185836791992,57.79724884033203,55.67165756225586,39.31389236450195,254.67999267578125
2016-03-30,28.6200008392334,44.5335807800293,37.633853912353516,58.03396987915039,55.19790267944336,38.40233612060547,265.6199951171875
2016-04-06,28.3799991607666,43.97549819946289,42.37287139892578,56.60676193237305,56.12686538696289,38.67831039428711,267.6099853515625
2016-04-13,28.34000015258789,45.108123779296875,43.748451232910156,56.97573471069336,56.477603912353516,39.949466705322266,271.0
2016-04-20,28.200000762939453,46.32280731201172,44.4322624206543,56.60676193237305,54.03194808959961,37.624595642089844,281.70001220703125
2016-04-27,27.0,45.68263244628906,41.63970184326172,56.71119689941406,55.937278747558594,36.53742218017578,273.7099914550781
2016-05-04,29.309999465942383,46.74959945678711,42.406517028808594,56.335262298583984,56.16477966308594,34.128910064697266,273.2699890136719
2016-05-11,27.450000762939453,43.87699508666992,44.02800750732422,53.24421310424805,54.64809036254883,34.30453109741211,263.5199890136719
2016-05-18,26.530000686645508,43.803138732910156,46.52815628051758,53.95774841308594,55.49174880981445,35.49205017089844,272.94000244140625
2016-05-25,27.850000381469727,45.305091857910156,45.641510009765625,54.13258743286133,56.95156478881836,36.244720458984375,289.7300109863281
2016-06-01,27.850000381469727,43.91804122924805,46.49618911743164,55.335540771484375,58.43033218383789,38.979373931884766,252.86000061035156
2016-06-08,25.670000076293945,43.351722717285156,43.74046325683594,58.98632049560547,59.70055389404297,37.52423095703125,241.6999969482422
2016-06-15,25.760000228881836,43.98387908935547,45.2341423034668,58.189022064208984,59.3687858581543,37.53260040283203,233.0
2016-06-22,23.90999984741211,42.85630798339844,43.277183532714844,55.8670768737793,59.1507568359375,35.80984878540039,228.52000427246094
2016-06-29,24.770000457763672,44.9962272644043,43.66856002807617,58.412845611572266,61.99195098876953,35.68439865112305,242.02999877929688
2016-07-06,25.540000915527344,47.6876106262207,45.961021423339844,56.804256439208984,60.85511016845703,37.76676559448242,253.36000061035156
2016-07-13,25.170000076293945,45.25138473510742,44.0200309753418,57.49665069580078,61.53339767456055,37.57441329956055,259.82000732421875
2016-07-20,25.639999389648438,44.80693054199219,42.13493347167969,56.88117980957031,61.29457092285156,38.870662689208984,287.0400085449219
2016-07-27,26.420000076293945,42.72460174560547,40.07219314575195,55.21661376953125,61.45697021484375,38.912471771240234,330.1099853515625
2016-08-03,25.649999618530273,42.675235748291016,40.30488586425781,56.57345199584961,60.62582015991211,41.74748611450195,314.4200134277344
2016-08-10,26.350000381469727,42.46123504638672,40.89866256713867,57.9092903137207,59.842445373535156,40.58504867553711,313.4200134277344
2016-08-17,26.389999389648438,43.457122802734375,42.84048843383789,57.615535736083984,60.998409271240234,38.15145492553711,318.1700134277344
2016-08-24,25.59000015258789,42.19785690307617,42.07017135620117,56.570884704589844,59.106834411621094,35.75130844116211,307.8599853515625
2016-08-31,25.09000015258789,42.59292221069336,41.46035385131836,57.35776138305664,60.17681884765625,33.78603744506836,310.6700134277344
2016-09-07,24.729999542236328,42.666996002197266,46.14640426635742,57.78633117675781,58.103729248046875,34.21253967285156,297.4100036621094
2016-09-14,24.270000457763672,41.27143478393555,46.13036346435547,56.655174255371094,59.75646209716797,34.50524139404297,307.04998779296875
2016-09-21,26.3700008392334,42.989349365234375,47.815406799316406,56.88705062866211,60.043060302734375,34.54705810546875,314.5299987792969
2016-09-28,27.399999618530273,45.880104064941406,51.185508728027344,56.37416458129883,56.19305419921875,31.75385093688965,311.4800109863281
2016-10-05,26.399999618530273,45.797508239746094,50.447303771972656,54.85661697387695,56.63459777832031,32.038185119628906,298.29998779296875
2016-10-12,25.209999084472656,45.508426666259766,50.41521072387695,54.85661697387695,58.666194915771484,31.268800735473633,295.04998779296875
2016-10-19,26.18000030517578,46.24351119995117,48.601768493652344,57.92684555053711,58.53139877319336,32.34761428833008,286.0
2016-10-26,25.790000915527344,46.11136245727539,47.95808792114258,57.93387985229492,58.9358024597168,31.076461791992188,282.55999755859375
2016-11-02,25.850000381469727,47.68061447143555,45.863487243652344,56.26878356933594,59.715702056884766,31.034637451171875,295.6000061035156
2016-11-09,27.799999237060547,48.902984619140625,51.067745208740234,58.50998306274414,56.90419006347656,32.330894470214844,322.5799865722656
2016-11-16,27.459999084472656,50.323585510253906,50.32658004760742,59.231300354003906,57.11601638793945,30.37397575378418,318.1099853515625
2016-11-23,27.649999618530273,50.381370544433594,48.932884216308594,60.36763381958008,58.213661193847656,30.156539916992188,302.7699890136719
2016-11-30,27.790000915527344,50.50528335571289,53.45235061645508,59.78888702392578,56.210941314697266,29.989286422729492,291.1600036621094
2016-12-07,28.770000457763672,52.08279037475586,54.25796890258789,61.920406341552734,58.33883285522461,32.02982711791992,287.3800048828125
2016-12-14,28.489999771118164,53.528812408447266,53.77460861206055,60.89700698852539,58.858768463134766,31.185176849365234,285.5899963378906
2016-12-21,28.1200008392334,53.71932601928711,53.44429016113281,59.63359451293945,58.90691375732422,31.427701950073242,291.1199951171875
2016-12-28,27.959999084472656,53.338279724121094,51.381935119628906,58.55370330810547,58.127010345458984,32.70722579956055,291.7099914550781
2017-01-04,26.34000015258789,51.93006134033203,50.648841857910156,58.349029541015625,58.305118560791016,32.57341003417969,297.7900085449219
2017-01-11,27.809999465942383,51.5738639831543,50.83412170410156,59.44301986694336,59.964881896972656,31.00119400024414,283.010009765625
2017-01-18,28.489999771118164,52.17028045654297,49.11009979248047,57.33266830444336,59.10102844238281,29.947465896606445,273.82000732421875
2017-01-25,28.350000381469727,53.421112060546875,48.3834114074707,57.83379364013672,60.0716552734375,31.82075309753418,277.239990234375
2017-02-01,27.989999771118164,53.404541015625,46.12681579589844,57.47383117675781,60.01341247558594,32.941375732421875,266.1099853515625
2017-02-08,28.530000686645508,54.116943359375,44.88932800292969,59.1395263671875,61.45963668823242,34.078731536865234,285.1400146484375
2017-02-15,29.6200008392334,55.881343841552734,45.20475769042969,61.264530181884766,62.74085998535156,35.37498092651367,286.8999938964844
2017-02-22,28.760000228881836,54.60566711425781,42.535667419433594,61.24324035644531,64.78886413574219,34.99864196777344,288.6000061035156
2017-03-01,27.75,56.278961181640625,41.476104736328125,60.96673583984375,64.31327819824219,36.23635482788086,291.1000061035156
2017-03-08,27.459999084472656,56.33695602416992,40.70774841308594,60.54841995239258,63.74059295654297,35.768035888671875,292.4700012207031
2017-03-15,27.440000534057617,54.792259216308594,40.68348693847656,58.99571990966797,65.33241271972656,34.848114013671875,275.7900085449219
2017-03-22,27.68000030517578,56.28725814819336,41.42758560180664,59.37148666381836,65.36152648925781,34.88993835449219,274.1099853515625
2017-03-29,29.270000457763672,57.474971771240234,41.9694938659668,58.492332458496094,64.95386505126953,32.364341735839844,274.239990234375
2017-04-05,29.040000915527344,56.50321960449219,43.57095718383789,58.619972229003906,65.51797485351562,32.1552619934082,268.6499938964844
2017-04-12,28.610000610351562,56.80221176147461,40.804805755615234,58.71921157836914,66.02638244628906,30.967742919921875,271.1600036621094
2017-04-19,29.290000915527344,55.15769958496094,40.64302062988281,60.91710662841797,66.15351104736328,30.817203521728516,286.8900146484375
2017-04-26,27.959999084472656,54.534786224365234,39.398582458496094,60.8390998840332,65.30287170410156,31.921110153198242,271.3399963378906
2017-05-03,26.65999984741211,52.79058837890625,41.008018493652344,60.959659576416016,65.28330993652344,31.787307739257812,261.2799987792969
2017-05-10,25.579999923706055,50.830467224121094,41.430686950683594,59.917415618896484,64.0904769897461,32.740665435791016,257.6400146484375
2017-05-17,25.6299991607666,51.05472183227539,40.642234802246094,57.85436248779297,64.68689727783203,33.108642578125,248.10000610351562
2017-05-24,26.200000762939453,51.096248626708984,38.65889358520508,57.08525085449219,66.37837219238281,32.91628646850586,246.5399932861328
2017-05-31,26.15999984741211,50.5563850402832,39.0490608215332,58.0039176940918,67.15078735351562,32.238895416259766,257.1600036621094
2017-06-07,26.440000534057617,51.37033462524414,40.008209228515625,58.2531623840332,65.95794677734375,31.586593627929688,261.4200134277344
2017-06-14,25.510000228881836,50.5313835144043,38.7889404296875,55.76066970825195,67.67876434326172,31.293888092041016,266.0
2017-06-21,26.1299991607666,53.33035659790039,37.561553955078125,55.020042419433594,65.54730987548828,32.138545989990234,271.25
2017-06-28,26.200000762939453,53.44698715209961,40.09762191772461,55.63958740234375,64.15892028808594,32.45634078979492,272.5199890136719
2017-07-05,26.200000762939453,53.122100830078125,38.366268157958984,55.04140090942383,64.10843658447266,31.48624610900879,271.760009765625
2017-07-12,26.049999237060547,53.480308532714844,38.79706954956055,56.02416229248047,65.66556549072266,31.870933532714844,282.6000061035156
2017-07-19,25.93000030517578,55.0463981628418,39.7155876159668,57.0140266418457,66.53282928466797,32.464691162109375,282.9599914550781
2017-07-26,24.3799991607666,55.0463981628418,39.76128387451172,57.77602767944336,67.23255157470703,32.27235412597656,291.1499938964844
2017-08-02,24.299999237060547,54.72984313964844,36.0515251159668,57.740413665771484,68.24764251708984,26.58559226989746,289.260009765625
2017-08-09,22.760000228881836,55.56287384033203,33.943359375,57.77602767944336,68.34619140625,25.197351455688477,287.9200134277344
2017-08-16,22.489999771118164,54.68819046020508,32.595096588134766,57.882835388183594,68.66155242919922,25.699121475219727,286.7200012207031
2017-08-23,22.450000762939453,52.70560073852539,31.76161766052246,58.26981735229492,69.24302673339844,25.50678253173828,293.5799865722656
2017-08-30,21.6200008392334,53.0138053894043,32.2110481262207,58.298458099365234,68.8291015625,26.418333053588867,315.8299865722656
2017-09-06,21.0,48.998619079589844,33.10988235473633,59.21453857421875,69.14447784423828,28.099273681640625,329.69000244140625
2017-09-13,21.290000915527344,49.16639709472656,34.11495590209961,58.11952209472656,68.27720642089844,25.908193588256836,317.92999267578125
2017-09-20,21.280000686645508,48.456275939941406,37.55504608154297,56.595176696777344,68.04068756103516,26.033641815185547,317.05999755859375
2017-09-27,21.530000686645508,49.199825286865234,37.1301383972168,54.956275939941406,67.32125091552734,27.204442977905273,317.3900146484375
2017-10-04,20.530000686645508,47.946651458740234,34.69510269165039,49.98953628540039,68.72439575195312,32.1552619934082,332.8299865722656
2017-10-11,19.15999984741211,47.336761474609375,34.94023895263672,48.23614501953125,57.053462982177734,32.23054504394531,344.4700012207031
2017-10-18,19.459999084472656,47.570682525634766,32.799381256103516,48.15741729736328,56.725685119628906,32.54832077026367,315.7300109863281
2017-10-25,18.8799991607666,46.88561248779297,34.006141662597656,47.427433013916016,57.38124465942383,29.86383628845215,311.6600036621094
2017-11-01,17.329999923706055,48.130435943603516,37.14617919921875,48.60829544067383,55.9211311340332,30.666667938232422,313.57000732421875
2017-11-08,16.280000686645508,47.12789535522461,34.425357818603516,50.519134521484375,56.22904968261719,31.653501510620117,309.69000244140625
2017-11-15,17.25,47.40359878540039,34.06367874145508,51.22168731689453,53.368431091308594,31.13500213623047,309.05999755859375
2017-11-22,17.969999313354492,45.74940490722656,33.101932525634766,51.999080657958984,54.67953872680664,30.842302322387695,317.1400146484375
2017-11-29,19.860000610351562,48.53981018066406,34.64729309082031,50.516273498535156,53.23930358886719,31.285524368286133,319.8699951171875
2017-12-06,19.649999618530273,48.43120193481445,32.649837493896484,51.83354187011719,53.0704460144043,32.85774612426758,327.75
2017-12-13,22.010000228881836,49.83284378051758,33.085506439208984,51.963096618652344,51.699729919433594,34.48850631713867,327.0199890136719
2017-12-20,23.56999969482422,50.44463348388672,35.641910552978516,52.762081146240234,44.150875091552734,35.34988784790039,319.7799987792969
2017-12-27,23.110000610351562,49.58979034423828,36.41459655761719,53.94978332519531,44.19060516357422,36.052371978759766,334.1700134277344
2018-01-03,21.649999618530273,46.924659729003906,36.620094299316406,52.848472595214844,44.53825378417969,37.039188385009766,336.3599853515625
2018-01-10,24.530000686645508,49.807701110839844,38.03394317626953,54.7271614074707,43.72377014160156,39.004459381103516,338.8500061035156
2018-01-17,25.700000762939453,48.20694351196289,39.26692581176758,55.43977737426758,43.544986724853516,39.180091857910156,346.75
2018-01-24,24.969999313354492,48.944461822509766,36.83371353149414,54.79914855957031,41.6974983215332,36.813392639160156,352.5899963378906
2018-01-31,23.84000015258789,45.097633361816406,33.98255920410156,51.675174713134766,39.59177017211914,34.27107620239258,332.8599853515625
2018-02-07,23.530000686645508,45.818382263183594,31.15619468688965,49.155845642089844,39.56196975708008,33.79439163208008,316.989990234375
2018-02-14,24.309999465942383,47.142574310302734,31.652040481567383,51.041751861572266,39.74075698852539,34.5721435546875,287.45001220703125
2018-02-21,26.040000915527344,45.38258361816406,28.75956153869629,50.060890197753906,39.95927429199219,34.379791259765625,290.1000061035156
2018-02-28,24.420000076293945,44.611534118652344,29.22235870361328,50.531551361083984,42.13453674316406,36.15272903442383,285.9800109863281
2018-03-07,24.25,43.49688720703125,29.30500030517578,50.582218170166016,44.796504974365234,35.41679763793945,283.239990234375
2018-03-14,21.989999771118164,42.26842498779297,29.974407196044922,47.82358932495117,43.15760803222656,33.79439163208008,279.67999267578125
2018-03-21,21.68000030517578,44.02609634399414,30.97437858581543,47.758426666259766,43.64430236816406,33.05845642089844,265.1600036621094
2018-03-28,22.030000686645508,44.45499801635742,31.40411949157715,45.73830795288086,43.38606262207031,33.77766036987305,266.4800109863281
2018-04-04,22.600000381469727,43.83266830444336,32.46192932128906,46.165496826171875,43.85289764404297,34.72267532348633,265.0899963378906
2018-04-11,23.770000457763672,43.00849151611328,34.172637939453125,47.76565933227539,46.48506164550781,34.27107620239258,264.75
2018-04-18,23.940000534057617,42.0077018737793,33.58586883544922,47.063331604003906,45.98842239379883,33.66059112548828,262.1499938964844
2018-04-25,24.010000228881836,41.721763610839844,33.62889099121094,47.367427825927734,45.95863342285156,32.431236267089844,274.6099853515625
2018-05-02,23.049999237060547,43.117820739746094,33.35453796386719,45.15184020996094,42.482177734375,29.579505920410156,269.7300109863281
2018-05-09,22.959999084472656,45.76695251464844,35.34981918334961,46.78095626831055,42.66096878051758,32.19708251953125,276.05999755859375
2018-05-16,23.15999984741211,43.32807159423828,35.85696029663086,46.50581741333008,43.33639907836914,32.79085159301758,279.69000244140625
2018-05-23,21.899999618530273,42.276824951171875,32.42341232299805,45.67593002319336,42.05508041381836,32.34761428833008,287.0899963378906
2018-05-30,21.739999771118164,42.24319076538086,32.63123321533203,45.81434631347656,41.6974983215332,33.43478775024414,298.6400146484375
2018-06-06,24.020000457763672,44.05132293701172,35.54934310913086,46.404415130615234,39.025604248046875,35.00700759887695,306.19000244140625
2018-06-13,27.549999237060547,47.6519660949707,35.965030670166016,47.06733322143555,39.62156295776367,32.38943099975586,292.0400085449219
2018-06-20,27.940000534057617,47.145572662353516,36.72156524658203,48.49515914916992,42.333194732666016,32.021461486816406,291.9200134277344
2018-06-27,27.360000610351562,46.959896087646484,38.06007766723633,44.26266860961914,43.67411422729492,30.07291030883789,293.510009765625
2018-07-04,28.399999618530273,49.57627868652344,40.41285705566406,46.0401725769043,43.42578887939453,30.666667938232422,344.82000732421875
2018-07-11,26.3799991607666,48.968605041503906,37.627769470214844,47.81038284301758,42.28352737426758,30.41579246520996,354.9800109863281
2018-07-18,26.06999969482422,47.820762634277344,37.453182220458984,47.722965240478516,42.20406723022461,30.348888397216797,372.8399963378906
2018-07-25,26.579999923706055,44.45322799682617,38.458797454833984,49.260074615478516,42.79009246826172,31.20189666748047,334.3699951171875
2018-08-01,25.549999237060547,44.917423248291016,38.7765007019043,48.844825744628906,43.36619186401367,32.23054504394531,350.1000061035156
2018-08-08,26.420000076293945,44.368831634521484,36.70307922363281,50.0177001953125,42.55171203613281,32.21381378173828,343.6300048828125
2018-08-15,29.549999237060547,45.55042266845703,35.674713134765625,51.175968170166016,44.39919662475586,32.406158447265625,343.2799987792969
2018-08-22,28.290000915527344,45.06090545654297,35.74995803833008,50.79034423828125,45.362667083740234,32.77412033081055,345.5299987792969
2018-08-29,27.469999313354492,44.38570785522461,36.10110092163086,49.57337188720703,46.69364929199219,32.7490348815918,346.7200012207031
2018-09-05,28.510000228881836,46.75733947753906,36.86192321777344,50.39446258544922,45.9785041809082,31.477869033813477,337.70001220703125
2018-09-12,31.579999923706055,47.14056396484375,38.676177978515625,51.96333312988281,46.88236999511719,31.62005043029785,336.8900146484375
2018-09-19,31.549999237060547,47.885738372802734,39.94698715209961,52.938377380371094,45.53152084350586,31.461137771606445,341.6499938964844
2018-09-26,32.86000061035156,47.85186004638672,40.59075927734375,53.87677001953125,47.10089111328125,31.059734344482422,345.4100036621094
2018-10-03,32.36000061035156,48.58856964111328,41.21780014038086,53.92808151245117,48.22328567504883,28.943920135498047,344.57000732421875
2018-10-10,33.060001373291016,46.615543365478516,37.213069915771484,55.92217254638672,48.461669921875,27.68948745727539,338.6099853515625
2018-10-17,32.779998779296875,47.640159606933594,33.258506774902344,56.640625,46.971763610839844,26.85320472717285,316.1499938964844
2018-10-24,31.25,47.62323760986328,31.49650001525879,57.76962661743164,46.61418914794922,26.184173583984375,306.2799987792969
2018-10-31,33.290000915527344,48.93574905395508,31.40399742126465,59.089229583740234,48.253089904785156,30.465967178344727,320.2799987792969
2018-11-07,32.11000061035156,48.24137496948242,29.63783073425293,60.05693817138672,32.49981689453125,29.905651092529297,319.0799865722656
2018-11-14,29.510000228881836,44.77802658081055,29.158435821533203,58.81134033203125,23.35179328918457,28.3585205078125,319.4800109863281
2018-11-21,30.1299991607666,45.82804489135742,29.503265380859375,61.56062316894531,26.78850746154785,28.007286071777344,323.80999755859375
2018-11-28,27.979999542236328,43.482444763183594,29.46961784362793,61.04467010498047,26.569990158081055,27.56404685974121,322.7300109863281
2018-12-05,27.940000534057617,40.848941802978516,25.710224151611328,60.30022048950195,25.884628295898438,24.77084732055664,319.7900085449219
2018-12-12,26.899999618530273,39.25979995727539,24.591655731201172,55.634521484375,22.865089416503906,24.110183715820312,294.75
2018-12-19,24.469999313354492,35.70771408081055,21.362110137939453,48.10160827636719,22.994211196899414,21.919103622436523,278.5
2018-12-26,24.739999771118164,37.15234375,22.076982498168945,50.364437103271484,23.590177536010742,22.914289474487305,300.9200134277344
2019-01-02,27.239999771118164,41.10381317138672,24.692581176757812,52.60515213012695,17.441829681396484,24.979915618896484,324.44000244140625
2019-01-09,27.100000381469727,40.61943817138672,26.70263671875,52.91471862792969,6.863500118255615,24.545047760009766,337.5400085449219
2019-01-16,26.600000381469727,41.1802978515625,26.50920295715332,52.767295837402344,7.6481828689575195,24.16036033630371,338.9599914550781
2019-01-23,27.399999618530273,42.79487228393555,28.04243278503418,52.700958251953125,13.895855903625488,24.06000328063965,334.4800109863281
2019-01-30,29.040000915527344,42.3275032043457,27.830501556396484,52.56092834472656,13.985250473022461,25.9918270111084,336.989990234375
2019-02-06,28.1299991607666,41.112308502197266,26.347000122070312,52.74518966674805,15.326165199279785,26.543777465820312,319.42999267578125
2019-02-13,29.059999465942383,42.97332763671875,28.23740577697754,54.86060333251953,17.620616912841797,26.844839096069336,333.0
2019-02-20,28.389999389648438,42.88835144042969,28.050899505615234,53.00822448730469,18.395370483398438,25.607133865356445,327.6199951171875
2019-02-27,28.989999771118164,42.65890121459961,28.59344482421875,47.01626205444336,18.186784744262695,22.905927658081055,326.8699951171875
2019-03-06,28.3700008392334,42.01308059692383,28.551057815551758,45.23646545410156,19.090660095214844,22.88920021057129,312.7200012207031
2019-03-13,27.260000228881836,40.27409362792969,29.237707138061523,47.290645599365234,18.941669464111328,23.934560775756836,323.760009765625
2019-03-20,27.639999389648438,40.359375,30.229536056518555,45.91872787475586,17.829208374023438,23.56659507751465,232.91000366210938
2019-03-27,27.389999389648438,40.8881950378418,29.059688568115234,41.05394744873047,17.541156768798828,23.08991050720215,233.27000427246094
2019-04-03,28.84000015258789,43.59188461303711,29.568317413330078,40.41618347167969,18.69335174560547,22.680130004882812,237.5800018310547
2019-04-10,29.979999542236328,44.555667877197266,30.992477416992188,40.668331146240234,22.11020278930664,22.6383113861084,228.72000122070312
2019-04-17,29.469999313354492,43.788047790527344,30.882280349731445,39.46697235107422,21.385116577148438,22.24525260925293,230.2100067138672
2019-04-24,30.899999618530273,43.728355407714844,28.08892822265625,39.72651290893555,22.36845588684082,22.571413040161133,229.24000549316406
2019-05-01,28.690000534057617,41.35728073120117,26.04051399230957,39.25931930541992,20.858678817749023,18.00528335571289,229.02000427246094
2019-05-08,27.739999771118164,40.674949645996094,26.467266082763672,38.99235534667969,18.236446380615234,17.068635940551758,229.17999267578125
2019-05-15,28.010000228881836,41.72401809692383,26.31363868713379,39.12583923339844,18.325843811035156,16.449779510498047,232.9199981689453
2019-05-22,27.920000076293945,40.61524963378906,22.967885971069336,38.67875671386719,17.610687255859375,14.944464683532715,225.5399932861328
2019-05-29,28.6200008392334,41.630210876464844,24.188404083251953,38.51422119140625,18.613889694213867,14.9026517868042,227.0
2019-06-05,28.969999313354492,41.007598876953125,24.623689651489258,39.54625701904297,18.97146987915039,14.643402099609375,229.0800018310547
2019-06-12,29.649999618530273,42.12790298461914,24.444454193115234,39.486427307128906,19.011198043823242,14.844112396240234,233.00999450683594
2019-06-19,29.93000030517578,42.30769348144531,24.085981369018555,39.59861755371094,21.45464515686035,15.596770286560059,240.2899932861328
2019-06-26,30.8799991607666,43.6431770324707,23.386106491088867,41.10179138183594,22.2492618560791,16.182170867919922,236.3699951171875
2019-07-03,31.6299991607666,44.78177261352539,23.002033233642578,41.50562286376953,21.742692947387695,16.407968521118164,234.22000122070312
2019-07-10,32.56999969482422,45.8090705871582,21.542526245117188,41.73746109008789,18.007993698120117,15.412787437438965,231.5500030517578
2019-07-17,30.889999389648438,42.87270736694336,20.748764038085938,40.86995315551758,18.762882232666016,15.337515830993652,243.8800048828125
2019-07-24,31.020000457763672,44.978675842285156,20.790233612060547,41.430843353271484,17.878870010375977,17.921649932861328,241.50999450683594
2019-07-31,29.540000915527344,42.42754364013672,19.772287368774414,38.476829528808594,18.107322692871094,15.220438957214355,240.1699981689453
2019-08-07,29.600000381469727,41.691307067871094,18.909622192382812,39.688350677490234,16.835935592651367,16.491594314575195,233.22999572753906
2019-08-14,28.209999084472656,37.787567138671875,18.762968063354492,37.89352035522461,11.581535339355469,15.964736938476562,231.27999877929688
2019-08-21,26.469999313354492,35.13370132446289,18.081464767456055,37.31972885131836,11.144497871398926,15.61349868774414,220.7899932861328
2019-08-28,26.889999389648438,35.34772491455078,18.469667434692383,38.05934524536133,10.498869895935059,16.115272521972656,217.44000244140625
2019-09-04,28.43000030517578,38.06151580810547,20.445165634155273,42.92713165283203,10.826648712158203,18.297975540161133,233.0
2019-09-11,27.200000762939453,37.222015380859375,22.446548461914062,41.38755416870117,11.084897994995117,17.921649932861328,238.6999969482422
2019-09-18,26.420000076293945,35.511356353759766,21.894451141357422,40.474369049072266,10.856447219848633,16.667219161987305,236.1999969482422
2019-09-25,26.770000457763672,34.5313720703125,20.9368896484375,41.281890869140625,9.833378791809082,15.747304916381836,227.1999969482422
2019-10-02,26.829999923706055,31.952482223510742,17.468969345092773,39.3121337890625,10.826648712158203,15.370970726013184,221.94000244140625
2019-10-09,27.860000610351562,32.72615051269531,19.1339168548584,41.14605712890625,7.658116340637207,15.747304916381836,226.05999755859375
2019-10-16,28.170000076293945,31.238985061645508,19.798168182373047,41.74980163574219,8.045492172241211,15.312431335449219,281.8699951171875
2019-10-23,27.420000076293945,31.11003875732422,19.236074447631836,42.46677017211914,4.996151447296143,16.38288116455078,297.5
2019-10-30,27.950000762939453,32.22756576538086,20.902328491210938,46.194969177246094,7.946164131164551,14.87756061553955,292.17999267578125
2019-11-06,30.739999771118164,32.45966720581055,20.76274871826172,47.33456039428711,7.012490272521973,14.660126686096191,291.3999938964844
2019-11-13,31.56999969482422,33.852264404296875,19.515241622924805,46.376094818115234,6.793970584869385,14.442694664001465,285.42999267578125
2019-11-20,33.36000061035156,34.823638916015625,19.968873977661133,45.337791442871094,7.4197306632995605,15.30406665802002,302.989990234375
2019-11-27,32.130001068115234,33.8178825378418,16.034425735473633,44.85117721557617,8.462665557861328,15.496415138244629,290.70001220703125
2019-12-04,32.2400016784668,32.33931350708008,18.259002685546875,44.41019821166992,12.237092971801758,15.638582229614258,297.20001220703125
2019-12-11,32.369998931884766,34.62592697143555,19.602476119995117,43.40657424926758,10.836581230163574,15.747304916381836,297.1099853515625
2019-12-18,33.029998779296875,36.12169647216797,22.830299377441406,44.36457443237305,10.876313209533691,16.591951370239258,304.07000732421875
2019-12-25,32.7400016784668,36.078712463378906,22.32431411743164,44.82837677001953,10.796850204467773,16.809389114379883,296.7300109863281
2020-01-01,32.06999969482422,36.21625518798828,28.361223220825195,45.07927703857422,10.50880241394043,17.704214096069336,290.0899963378906
2020-01-08,31.899999618530273,34.668914794921875,29.303394317626953,41.52859115600586,11.839786529541016,17.72930335998535,298.9700012207031
2020-01-15,31.969999313354492,33.29349899291992,27.689481735229492,40.958351135253906,13.140970230102539,18.105632781982422,287.19000244140625
2020-01-22,30.520000457763672,30.39655303955078,25.25687599182129,40.12960433959961,14.849395751953125,18.2645263671875,281.95001220703125
2020-01-29,29.739999771118164,28.857807159423828,24.73819923400879,39.79505920410156,16.63728141784668,18.615766525268555,283.2900085449219
2020-02-05,30.209999084472656,30.061288833618164,24.76457405090332,40.289268493652344,17.779544830322266,18.6910400390625,332.2900085449219
2020-02-12,30.299999237060547,30.173044204711914,24.711828231811523,39.43011474609375,15.98172378540039,17.796207427978516,337.1000061035156
2020-02-19,27.420000076293945,21.80023956298828,22.417346954345703,36.438514709472656,17.451765060424805,16.642127990722656,324.1099853515625
2020-02-26,26.239999771118164,19.840282440185547,21.96900177001953,35.3724250793457,14.710336685180664,13.623129844665527,315.7799987792969
2020-03-04,25.079999923706055,17.64822006225586,9.485615730285645,37.704002380371094,13.806461334228516,12.611221313476562,305.6300048828125
2020-03-11,21.510000228881836,10.95169734954834,3.9208390712738037,38.04146194458008,9.157955169677734,13.021001815795898,305.32000732421875
2020-03-18,20.030000686645508,12.870945930480957,4.905442714691162,34.705169677734375,8.770578384399414,12.661398887634277,276.19000244140625
2020-03-25,19.440000534057617,12.225215911865234,3.6746857166290283,35.0886344909668,8.929502487182617,12.4690523147583,316.3800048828125
2020-04-01,20.670000076293945,12.818591117858887,5.731807231903076,32.833770751953125,8.512327194213867,12.0174560546875,301.2099914550781
2020-04-08,22.299999237060547,14.197305679321289,7.103221893310547,35.57183837890625,11.879515647888184,13.673306465148926,333.760009765625
2020-04-15,20.780000686645508,13.219985961914062,7.5339860916137695,32.63435745239258,10.76705265045166,12.653036117553711,329.010009765625
2020-04-22,23.420000076293945,15.226981163024902,9.407856941223145,34.24498748779297,10.846515655517578,13.748575210571289,305.2200012207031
2020-04-29,21.25,13.315974235534668,10.386555671691895,32.227867126464844,11.7305269241333,13.857290267944336,304.44000244140625
2020-05-06,19.780000686645508,15.925065994262695,10.395371437072754,31.085084915161133,11.114697456359863,13.572951316833496,319.7699890136719
2020-05-13,21.049999237060547,17.137989044189453,10.0162353515625,30.502193450927734,11.780187606811523,13.422419548034668,310.0799865722656
2020-05-20,21.920000076293945,17.774993896484375,11.20654582977295,32.70179748535156,11.005436897277832,13.497685432434082,295.8699951171875
2020-05-27,21.829999923706055,19.057722091674805,10.7833251953125,33.77996063232422,11.760324478149414,14.618310928344727,302.8599853515625
2020-06-03,23.8799991607666,22.705223083496094,14.574684143066406,35.121849060058594,11.7305269241333,15.429511070251465,293.739990234375
2020-06-10,22.260000228881836,21.10835075378418,12.846531867980957,32.69403839111328,10.876313209533691,13.489322662353516,282.1199951171875
2020-06-17,22.15999984741211,20.902151107788086,12.458575248718262,33.20598602294922,9.843311309814453,13.581315040588379,268.19000244140625
2020-06-24,21.100000381469727,20.558334350585938,11.903100967407227,32.880191802978516,8.810308456420898,13.447509765625,267.54998779296875
2020-07-01,20.360000610351562,20.23215675354004,11.25944995880127,32.74834060668945,8.899704933166504,13.4725980758667,268.3500061035156
2020-07-08,20.649999618530273,21.37820816040039,11.911914825439453,31.111696243286133,9.297013282775879,13.815475463867188,281.2699890136719
2020-07-15,20.979999542236328,21.61623191833496,13.137495040893555,31.34438705444336,9.42613697052002,13.690034866333008,280.19000244140625
2020-07-22,20.780000686645508,21.61623191833496,11.766016960144043,31.55382537841797,8.879837989807129,13.514410018920898,280.3500061035156
2020-07-29,22.010000228881836,23.405826568603516,14.027353286743164,31.74773597717285,8.979166030883789,13.648218154907227,276.0799865722656
2020-08-05,22.479999542236328,23.37056541442871,13.77118968963623,32.46133804321289,9.028829574584961,13.915828704833984,289.94000244140625
2020-08-12,22.059999465942383,23.776090621948242,13.470856666564941,31.615877151489258,9.297013282775879,13.53950023651123,288.8800048828125
2020-08-19,22.860000610351562,24.305030822753906,12.940853118896484,30.990745544433594,9.048694610595703,13.405694961547852,279.0299987792969
2020-08-26,21.420000076293945,24.419635772705078,13.197020530700684,28.841007232666016,9.058627128601074,12.96246337890625,279.75
2020-09-02,22.5,25.310028076171875,11.518685340881348,28.32318687438965,9.157955169677734,13.079543113708496,268.8999938964844
2020-09-09,23.81999969482422,26.561864852905273,10.547016143798828,27.67198944091797,9.71418571472168,13.338791847229004,278.45001220703125
2020-09-16,22.329999923706055,26.141403198242188,10.812016487121582,28.02505111694336,9.783714294433594,12.393786430358887,272.760009765625
2020-09-23,21.75,25.741422653198242,8.427013397216797,27.758289337158203,9.326811790466309,12.184712409973145,282.3500061035156
2020-09-30,21.520000457763672,25.288103103637695,8.321015357971191,28.205507278442383,10.081695556640625,12.435600280761719,281.1499938964844
2020-10-07,21.56999969482422,24.399240493774414,8.073681831359863,28.385953903198242,10.250551223754883,13.037728309631348,291.4599914550781
2020-10-14,20.25,24.40812873840332,8.488848686218262,29.41375160217285,10.846515655517578,12.803566932678223,267.1199951171875
2020-10-21,20.100000381469727,25.07477378845215,7.375844955444336,28.244735717773438,9.843311309814453,12.092721939086914,255.3000030517578
2020-10-28,21.1200008392334,26.78138542175293,7.731625080108643,29.319597244262695,9.604926109313965,12.661398887634277,247.00999450683594
2020-11-04,22.920000076293945,26.728052139282227,8.847529411315918,33.226783752441406,10.339946746826172,13.079543113708496,236.33999633789062
2020-11-11,24.299999237060547,28.70132827758789,10.131706237792969,31.26535415649414,11.641130447387695,13.66494369506836,248.80999755859375
2020-11-18,27.200000762939453,30.67459487915039,12.434368133544922,30.221858978271484,12.73372745513916,14.133262634277344,242.50999450683594
2020-11-25,27.68000030517578,32.31898880004883,10.955350875854492,30.53337287902832,12.60460376739502,14.225255966186523,243.16000366210938
2020-12-02,28.09000015258789,32.57676696777344,13.07202434539795,33.33584213256836,12.237092971801758,14.919376373291016,246.42999267578125
2020-12-09,28.719999313354492,31.234577178955078,14.072798728942871,32.811866760253906,12.117900848388672,14.827383041381836,248.72999572753906
2020-12-16,27.209999084472656,31.222864151000977,12.505218505859375,31.176427841186523,12.356285095214844,14.83574390411377,247.8699951171875
2020-12-23,29.690000534057617,32.86051559448242,12.53178596496582,31.28757667541504,11.879515647888184,14.844112396240234,243.4600067138672
2020-12-30,31.520000457763672,33.102134704589844,14.329632759094238,32.67689514160156,12.296689987182617,15.136809349060059,246.38999938964844
2021-01-06,35.29999923706055,37.38867950439453,16.41088104248047,38.07541275024414,12.098034858703613,15.253890991210938,267.3900146484375
2021-01-13,36.150001525878906,39.15163040161133,15.782083511352539,38.226253509521484,11.949045181274414,14.584859848022461,273.8399963378906
2021-01-20,40.720001220703125,46.46290588378906,13.550271987915039,39.051910400390625,10.985572814941406,14.292160034179688,271.6700134277344
2021-01-27,40.08000183105469,44.977378845214844,13.800286293029785,38.45648193359375,11.651062965393066,14.534683227539062,277.7200012207031
2021-02-03,43.5,49.24602508544922,15.281421661376953,39.694976806640625,11.680861473083496,15.446232795715332,269.30999755859375
2021-02-10,47.349998474121094,52.92404556274414,16.47874641418457,39.0122184753418,11.720592498779297,15.337515830993652,279.32000732421875
2021-02-17,52.95000076293945,57.604339599609375,17.51643180847168,38.43266677856445,11.15442943572998,12.728300094604492,279.0799865722656
2021-02-24,59.2400016784668,61.49711990356445,17.294702529907227,38.02163314819336,10.806783676147461,11.950554847717285,269.8500061035156
2021-03-03,63.0099983215332,71.28729248046875,19.157211303710938,38.83911895751953,11.263689041137695,11.632763862609863,266.489990234375
2021-03-10,75.80999755859375,86.12461853027344,18.403339385986328,43.848297119140625,11.790122985839844,12.151262283325195,259.9200134277344
2021-03-17,71.68000030517578,81.88687133789062,16.203805923461914,41.70036697387695,10.846515655517578,11.850200653076172,267.2099914550781
2021-03-24,43.439998626708984,41.827362060546875,15.813567161560059,42.46175765991211,11.412679672241211,11.833474159240723,276.010009765625
2021-03-31,43.380001068115234,39.79926300048828,15.840176582336426,44.64175796508789,11.363015174865723,11.565862655639648,271.760009765625
2021-04-07,40.380001068115234,36.3353385925293,15.325769424438477,43.760135650634766,11.581535339355469,10.846654891967773,266.19000244140625
2021-04-14,35.470001220703125,34.0290412902832,15.077432632446289,42.75028991699219,11.12463092803955,10.963732719421387,273.20001220703125
2021-04-21,39.0099983215332,38.41727828979492,16.877857208251953,42.08507537841797,10.568400382995605,11.105902671813965,267.3900146484375
2021-04-28,36.52000045776367,35.86870193481445,17.92416000366211,43.37543487548828,11.243821144104004,11.206256866455078,271.0199890136719
2021-05-05,36.779998779296875,35.4289665222168,18.688024520874023,43.47161102294922,10.816717147827148,12.661398887634277,278.3900146484375
2021-05-12,33.310001373291016,36.03919982910156,19.247600555419922,44.28910827636719,10.69752311706543,13.422419548034668,281.010009765625
2021-05-19,30.65999984741211,36.70327377319336,17.71099281311035,43.43153381347656,9.992302894592285,12.52759075164795,273.45001220703125
2021-05-26,32.0,38.22882843017578,20.482215881347656,42.71427536010742,10.081695556640625,12.852437019348145,267.1499938964844
2021-06-02,30.040000915527344,37.403236389160156,20.553272247314453,43.651981353759766,10.16115665435791,13.046148300170898,395.3699951171875
2021-06-09,30.06999969482422,37.394256591796875,20.304576873779297,43.84599685668945,10.459138870239258,12.886128425598145,396.0799865722656
2021-06-16,29.489999771118164,36.77707290649414,19.496299743652344,41.84931945800781,10.04196548461914,11.976517677307129,374.3999938964844
2021-06-23,30.34000015258789,40.27879333496094,18.679140090942383,42.02716064453125,10.032033920288086,12.229187965393066,345.7200012207031
2021-06-30,30.34000015258789,38.690391540527344,18.243919372558594,38.55925369262695,10.429339408874512,11.951250076293945,344.8900146484375
2021-07-07,29.100000381469727,38.428672790527344,17.91527557373047,38.2520751953125,9.922773361206055,11.723849296569824,351.9200134277344
2021-07-14,28.1299991607666,36.45216369628906,15.597038269042969,37.2335319519043,9.356609344482422,11.698582649230957,322.489990234375
2021-07-21,28.829999923706055,37.30955505371094,16.48525047302246,37.84788131713867,8.929502487182617,11.71542739868164,333.9599914550781
2021-07-28,27.8700008392334,34.719364166259766,16.704444885253906,38.38949966430664,8.929502487182617,11.951250076293945,338.0
2021-08-04,29.440000534057617,36.77707290649414,16.95349884033203,39.14936447143555,9.138089179992676,12.726102828979492,337.2200012207031
2021-08-11,28.610000610351562,35.22476577758789,15.005535125732422,39.72331237792969,9.068560600280762,12.439745903015137,349.7900085449219
2021-08-18,28.700000762939453,36.73194885253906,15.921699523925781,39.07661437988281,9.187752723693848,12.347099304199219,349.3999938964844
2021-08-25,28.84000015258789,37.40882873535156,17.32708168029785,41.42875671386719,9.108291625976562,12.414794921875,338.9100036621094
2021-09-01,27.959999084472656,37.562255859375,17.37155532836914,41.63284683227539,9.356609344482422,12.440253257751465,327.239990234375
2021-09-08,26.260000228881836,35.12548828125,17.21144676208496,39.36344528198242,9.734050750732422,11.60863971710205,295.95001220703125
2021-09-15,25.149999618530273,35.0994987487793,16.695547103881836,39.20017623901367,9.724120140075684,11.269205093383789,295.5400085449219
2021-09-22,25.600000381469727,36.5249137878418,19.292831420898438,39.257320404052734,9.674454689025879,11.625611305236816,284.7099914550781
2021-09-29,26.149999618530273,35.92569351196289,19.75535774230957,38.44099426269531,9.823445320129395,11.45589542388916,280.44000244140625
2021-10-06,24.579999923706055,35.54439163208008,22.005748748779297,38.71038055419922,10.181022644042969,11.42194938659668,284.7900085449219
2021-10-13,24.899999618530273,35.47174835205078,23.891443252563477,39.192012786865234,11.104764938354492,11.515294075012207,268.1300048828125
2021-10-20,24.639999389648438,33.66502380371094,25.03887367248535,39.43691635131836,11.49213981628418,11.438921928405762,271.1199951171875
2021-10-27,24.549999237060547,33.92831039428711,24.329757690429688,38.979766845703125,11.263689041137695,11.735926628112793,272.510009765625
2021-11-03,26.649999618530273,32.23054122924805,26.754714965820312,40.08182144165039,12.098034858703613,12.36387825012207,270.0299987792969
2021-11-10,27.729999542236328,31.91277313232422,26.40701675415039,39.6491584777832,12.237092971801758,11.778356552124023,261.54998779296875
2021-11-17,25.600000381469727,29.91538429260254,25.381759643554688,39.05974578857422,12.247026443481445,11.167372703552246,254.14999389648438
2021-11-24,23.270000457763672,28.099580764770508,22.974639892578125,36.92502212524414,11.800055503845215,10.534673690795898,235.74000549316406
2021-12-01,24.219999313354492,28.489974975585938,23.973148345947266,39.75209426879883,12.356285095214844,10.6116943359375,226.8300018310547
2021-12-08,22.510000228881836,26.87391471862793,22.243587493896484,40.65049362182617,12.078169822692871,10.962564468383789,230.75999450683594
2021-12-15,23.530000686645508,26.85947036743164,22.59128761291504,41.17799377441406,11.988775253295898,11.20218276977539,234.64999389648438
2021-12-22,24.329999923706055,27.564132690429688,24.900339126586914,42.38959884643555,11.97884464263916,11.672863006591797,235.99000549316406
2021-12-29,26.75,30.24550437927246,26.26437759399414,44.07924270629883,12.356285095214844,12.297581672668457,241.72999572753906
2022-01-05,28.68000030517578,31.993427276611328,28.52884864807129,44.77983474731445,12.088103294372559,13.110576629638672,241.52000427246094
2022-01-12,29.639999389648438,32.22221755981445,29.393630981445312,44.11221694946289,12.624467849731445,12.88807201385498,233.80999755859375
2022-01-19,26.860000610351562,30.071626663208008,29.48278045654297,42.026947021484375,12.26689338684082,12.56287670135498,222.30999755859375
2022-01-26,27.170000076293945,30.840349197387695,31.064815521240234,41.00490951538086,12.048372268676758,12.896631240844727,229.3699951171875
2022-02-02,28.209999084472656,31.599916458129883,29.418046951293945,41.03787612915039,12.0682373046875,13.024996757507324,222.38999938964844
2022-02-09,30.510000228881836,32.9360237121582,28.84525489807129,39.80978775024414,11.323284149169922,13.110576629638672,217.3699951171875
2022-02-16,28.280000686645508,25.486757278442383,27.780227661132812,37.74100112915039,11.243821144104004,12.451624870300293,209.80999755859375
2022-02-23,28.110000610351562,29.522539138793945,33.373863220214844,37.472198486328125,11.223958015441895,8.686184883117676,210.33999633789062
2022-03-02,25.270000457763672,30.886110305786133,34.573143005371094,39.520233154296875,10.76705265045166,8.585840225219727,202.00999450683594
2022-03-09,25.020000457763672,32.22221755981445,32.845821380615234,40.102996826171875,11.422612190246582,8.594468116760254,197.36000061035156
2022-03-16,26.8700008392334,34.507720947265625,36.264652252197266,39.48693084716797,11.541804313659668,9.362448692321777,210.9199981689453
2022-03-23,26.25,35.19916915893555,36.658451080322266,39.81161880493164,11.929180145263672,9.647204399108887,214.9499969482422
2022-03-30,24.420000076293945,33.963783264160156,37.3117790222168,36.206756591796875,11.968911170959473,9.20712661743164,207.61000061035156
2022-04-06,24.68000030517578,33.24468994140625,37.75032424926758,36.82283020019531,12.445680618286133,9.20712661743164,208.05999755859375
2022-04-13,24.489999771118164,33.447509765625,39.728233337402344,37.963401794433594,12.227161407470703,9.4228515625,223.02000427246094
2022-04-20,19.829999923706055,27.076997756958008,34.56419372558594,37.355648040771484,12.147697448730469,8.879222869873047,206.99000549316406
2022-04-27,19.270000457763672,27.54717445373535,38.162227630615234,35.74885940551758,12.63440227508545,8.974143028259277,205.6999969482422
2022-05-04,17.350000381469727,25.27923583984375,33.549007415771484,36.056907653808594,11.6907958984375,9.025918006896973,195.0
2022-05-11,18.360000610351562,29.79667854309082,38.71868133544922,37.41392517089844,12.018574714660645,9.897444725036621,202.89999389648438
2022-05-18,16.860000610351562,29.31727409362793,39.14948654174805,35.032894134521484,11.839786529541016,9.949219703674316,202.5399932861328
2022-05-25,18.450000762939453,31.649751663208008,42.19204330444336,36.918453216552734,12.117900848388672,10.696542739868164,200.0
2022-06-01,17.170000076293945,28.174083709716797,46.123165130615234,36.21934127807617,12.147697448730469,10.365273475646973,201.0800018310547
2022-06-08,13.979999542236328,23.426164627075195,41.28556823730469,33.86087417602539,9.892973899841309,8.996602058410645,194.17999267578125
2022-06-15,14.039999961853027,22.892269134521484,36.214622497558594,33.776641845703125,9.93270492553711,9.240696907043457,206.88999938964844
2022-06-22,13.65999984741211,23.785627365112305,34.79655838012695,34.50102615356445,10.081695556640625,9.50222396850586,202.50999450683594
2022-06-29,14.4399995803833,23.441314697265625,29.375579833984375,32.4373664855957,9.773781776428223,9.153519630432129,212.5800018310547
2022-07-06,13.949999809265137,23.348255157470703,29.106321334838867,31.98252296447754,10.04196548461914,8.90942668914795,215.5800018310547
2022-07-13,14.25,23.3110294342041,30.820573806762695,32.51317596435547,10.618062973022461,8.778660774230957,220.25999450683594
2022-07-20,14.430000305175781,22.46420669555664,30.371822357177734,32.72374725341797,10.50880241394043,8.647896766662598,210.85000610351562
2022-07-27,16.0,22.771297454833984,32.363197326660156,32.8922119140625,10.945841789245605,8.464827537536621,209.14999389648438
2022-08-03,13.100000381469727,22.97602081298828,29.435832977294922,32.959598541259766,11.273621559143066,9.118648529052734,217.58999633789062
2022-08-10,13.6899995803833,25.31178092956543,29.922225952148438,35.41072463989258,12.306622505187988,9.624272346496582,219.63999938964844
2022-08-17,12.789999961853027,22.799213409423828,34.939292907714844,31.536090850830078,11.641130447387695,8.84840202331543,202.80999755859375
2022-08-24,13.289999961853027,22.389755249023438,35.41667938232422,29.984628677368164,12.117900848388672,8.555301666259766,196.0800018310547
2022-08-31,12.630000114440918,21.31028175354004,34.065582275390625,30.10395622253418,12.147697448730469,8.299524307250977,194.69000244140625
2022-09-07,12.949999809265137,20.96596908569336,35.227516174316406,29.60960578918457,12.833056449890137,8.370083808898926,203.91000366210938
2022-09-14,13.210000038146973,21.040416717529297,35.66887664794922,28.970367431640625,13.210498809814453,7.973188400268555,204.1999969482422
2022-09-21,11.319999694824219,18.247636795043945,29.435832977294922,27.640748977661133,12.32648754119873,7.479272365570068,197.7899932861328
2022-09-28,12.359999656677246,18.877838134765625,35.272552490234375,28.458974838256836,14.09450912475586,8.123126029968262,267.45001220703125
2022-10-05,11.600000381469727,17.15654182434082,36.461517333984375,27.794166564941406,14.124307632446289,8.28188419342041,254.07000732421875
2022-10-12,12.880000114440918,18.426353454589844,35.867042541503906,28.211803436279297,14.054779052734375,8.475920677185059,270.2799987792969
2022-10-19,13.569999694824219,18.50160026550293,40.71296310424805,30.274423599243164,15.028183937072754,8.625860214233398,273.55999755859375
2022-10-26,13.350000381469727,18.031301498413086,41.49189376831055,30.905136108398438,15.206972122192383,9.040395736694336,280.0400085449219
2022-11-02,10.0600004196167,15.595145225524902,44.43682861328125,32.63534164428711,14.82952880859375,9.79008674621582,286.1600036621094
2022-11-09,11.329999923706055,18.285263061523438,44.43682861328125,34.64682388305664,14.342827796936035,9.984123229980469,299.7799987792969
2022-11-16,10.800000190734863,18.003084182739258,43.295101165771484,36.037715911865234,15.018250465393066,9.763627052307129,306.7200012207031
2022-11-23,11.140000343322754,18.576847076416016,42.2168083190918,35.42544174194336,15.067915916442871,9.968510627746582,291.4100036621094
2022-11-30,10.609999656677246,17.071887969970703,39.75212097167969,35.002891540527344,15.326165199279785,9.74560260772705,291.4700012207031
2022-12-07,10.890000343322754,18.50160026550293,41.52814865112305,35.38232421875,15.902260780334473,10.111172676086426,291.239990234375
2022-12-14,9.029999732971191,15.877324104309082,39.98771286010742,34.08879852294922,15.773137092590332,9.576189041137695,287.510009765625
2022-12-21,9.229999542236328,15.730645179748535,43.16824722290039,33.03672409057617,16.339303970336914,9.843680381774902,274.7699890136719
2022-12-28,9.539999961853027,16.254362106323242,39.52558517456055,32.07088851928711,15.574482917785645,10.14683723449707,272.6300048828125
2023-01-04,12.5600004196167,18.939617156982422,39.181251525878906,31.648338317871094,15.832733154296875,10.556991577148438,281.4599914550781
2023-01-11,13.229999542236328,19.653785705566406,40.90291213989258,31.329269409179688,15.763204574584961,10.556991577148438,289.5899963378906
2023-01-18,13.380000114440918,19.834701538085938,39.924285888671875,30.958457946777344,15.72347354888916,10.342998504638672,291.8800048828125
2023-01-25,14.819999694824219,22.053373336791992,40.392555236816406,31.786314010620117,15.793001174926758,10.842314720153809,290.8999938964844
2023-02-01,15.329999923706055,22.23429298400879,39.80939483642578,31.68283462524414,15.534751892089844,10.797733306884766,291.42999267578125
2023-02-08,14.729999542236328,21.377300262451172,38.69776153564453,31.691450119018555,15.4751558303833,10.530244827270508,289.0799865722656
2023-02-15,14.75,21.834362030029297,34.67946243286133,31.182668685913086,15.346030235290527,10.25383472442627,271.92999267578125
2023-02-22,15.619999885559082,20.396512985229492,34.97104263305664,31.04486656188965,15.514886856079102,10.164670944213867,269.8599853515625
2023-03-01,14.819999694824219,20.45364761352539,35.6544303894043,29.830337524414062,16.220108032226562,9.56727409362793,264.8800048828125
2023-03-08,14.050000190734863,18.711088180541992,31.73635482788086,29.087635040283203,15.88239574432373,8.782631874084473,262.3500061035156
2023-03-15,15.09000015258789,20.234636306762695,31.927701950073242,29.306076049804688,15.862530708312988,8.701620101928711,266.1499938964844
2023-03-22,14.479999542236328,20.63498306274414,32.71131896972656,29.550731658935547,15.634078025817871,8.593414306640625,270.25
2023-03-29,15.149999618530273,20.827743530273438,34.71590805053711,31.32447052001953,16.021455764770508,8.593414306640625,275.25
2023-04-05,14.930000305175781,22.051767349243164,36.37425231933594,31.726408004760742,16.706809997558594,8.936068534851074,283.69000244140625
2023-04-12,14.270000457763672,21.030141830444336,35.91866683959961,31.088560104370117,16.786272048950195,8.909016609191895,293.8299865722656
2023-04-19,12.8100004196167,21.174711227416992,33.057559967041016,30.485654830932617,17.153785705566406,8.277812957763672,282.4100036621094
2023-04-26,12.6899995803833,22.15778923034668,31.51119041442871,29.271129608154297,17.14385223388672,8.22370719909668,309.2799987792969
2023-05-03,13.40999984741211,15.931632041931152,30.410680770874023,27.47117042541504,17.163715362548828,8.782774925231934,314.0
2023-05-10,12.149999618530273,14.40882682800293,29.007532119750977,27.392532348632812,16.746543884277344,8.25075626373291,307.6099853515625
2023-05-17,11.6899995803833,14.379913330078125,31.098495483398438,27.610973358154297,16.29956817626953,8.331912994384766,303.1499938964844
2023-05-24,11.300000190734863,15.285884857177734,29.566957473754883,26.549531936645508,16.537954330444336,8.384051322937012,298.69000244140625
2023-05-31,12.100000381469727,15.218421936035156,30.57575225830078,27.96881866455078,16.826005935668945,8.685439109802246,299.7900085449219
2023-06-07,13.789999961853027,16.01837921142578,30.915077209472656,28.341379165649414,16.845867156982422,8.79503345489502,304.6000061035156
2023-06-14,12.1899995803833,15.102765083312988,30.72249412536621,28.7316837310791,16.756473541259766,9.306476593017578,293.7900085449219
2023-06-21,12.270000457763672,15.351346015930176,30.043846130371094,25.405231475830078,16.826005935668945,8.99595832824707,282.95001220703125
2023-06-28,13.010000228881836,15.776697158813477,31.236061096191406,25.742313385009766,17.163715362548828,9.032490730285645,285.44000244140625
2023-07-05,13.300000190734863,16.269723892211914,34.1890869140625,27.117244720458984,17.561023712158203,9.361275672912598,279.8399963378906
2023-07-12,12.770000457763672,15.003332138061523,34.739341735839844,26.23906135559082,17.392168045043945,9.297344207763672,276.1700134277344
2023-07-19,12.529999732971191,14.59731388092041,36.28921890258789,27.223691940307617,17.839139938354492,9.507404327392578,270.30999755859375
2023-07-26,12.869999885559082,15.525354385375977,37.14786911010742,26.23019027709961,17.233247756958008,9.333878517150879,269.29998779296875
2023-08-02,14.420000076293945,15.805699348449707,40.00043869018555,26.1947078704834,17.41203498840332,10.18324089050293,274.1400146484375
2023-08-09,13.420000076293945,14.85832405090332,40.489707946777344,25.3697509765625,16.826005935668945,10.192374229431152,270.2200012207031
2023-08-16,12.539999961853027,14.055954933166504,39.33575439453125,23.542421340942383,16.66707992553711,10.192374229431152,262.9800109863281
2023-08-23,12.949999809265137,14.461973190307617,40.22198486328125,23.062957763671875,16.567752838134766,10.046247482299805,268.0
2023-08-30,11.640000343322754,13.195584297180176,41.83751678466797,20.525487899780273,16.15058135986328,9.804620742797852,266.2900085449219
2023-09-06,11.329999923706055,13.060246467590332,40.8035774230957,19.613449096679688,16.826005935668945,9.112204551696777,258.44000244140625
2023-09-13,11.640000343322754,13.147250175476074,38.929561614990234,19.89337921142578,17.29283905029297,9.130668640136719,256.6700134277344
2023-09-20,10.6899995803833,12.090415954589844,37.895626068115234,19.08066749572754,16.488290786743164,8.973721504211426,258.04998779296875
2023-09-27,10.350000381469727,11.634354591369629,36.6124382019043,20.36294937133789,15.226838111877441,8.909095764160156,251.30999755859375
2023-10-04,10.670000076293945,12.061304092407227,35.901611328125,20.209436416625977,15.703608512878418,8.881400108337402,264.1400146484375
2023-10-11,10.920000076293945,12.090415954589844,39.169586181640625,20.633852005004883,16.239974975585938,8.705986976623535,267.42999267578125
2023-10-18,10.079999923706055,10.819271087646484,37.84947204589844,19.297391891479492,16.081052780151367,8.410555839538574,252.11000061035156
2023-10-25,9.9399995803833,10.557279586791992,36.880767822265625,19.0355167388916,16.190311431884766,8.216679573059082,237.5399932861328
2023-11-01,11.609999656677246,12.45914363861084,35.357994079589844,19.550233840942383,16.54788589477539,8.429019927978516,245.61000061035156
2023-11-08,10.4399995803833,12.148634910583496,34.88444900512695,19.044546127319336,17.282909393310547,8.512110710144043,225.25999450683594
2023-11-15,10.579999923706055,13.642956733703613,34.002357482910156,19.39362144470215,17.620616912841797,8.659826278686523,229.57000732421875
2023-11-22,10.619999885559082,13.497405052185059,33.77952194213867,18.469236373901367,17.38223648071289,8.438251495361328,227.41000366210938
2023-11-29,10.869999885559082,15.049945831298828,32.30317306518555,18.95916175842285,16.945194244384766,8.987140655517578,229.57000732421875
2023-12-06,11.229999542236328,14.81706428527832,31.736774444580078,21.19617462158203,17.610687255859375,9.2302885055542,249.0399932861328
2023-12-13,12.359999656677246,15.350750923156738,33.43596267700195,24.0617733001709,17.501428604125977,9.716586112976074,251.69000244140625
2023-12-20,11.5,14.620955467224121,34.62446594238281,24.597919464111328,17.749744415283203,10.01584529876709,260.70001220703125
2023-12-27,11.380000114440918,14.397065162658691,33.31526184082031,24.135725021362305,17.908668518066406,10.128067970275879,258.7699890136719
